Id,Category
0,GetWeather
1,PlayMusic
2,PlayMusic
3,PlayMusic
4,PlayMusic
5,GetWeather
6,PlayMusic
7,GetWeather
8,RateBook
9,PlayMusic
10,SearchScreeningEvent
11,GetWeather
12,BookRestaurant
13,GetWeather
14,GetWeather
15,SearchScreeningEvent
16,RateBook
17,GetWeather
18,PlayMusic
19,GetWeather
20,BookRestaurant
21,GetWeather
22,RateBook
23,PlayMusic
24,GetWeather
25,GetWeather
26,GetWeather
27,GetWeather
28,AddToPlaylist
29,GetWeather
30,GetWeather
31,PlayMusic
32,RateBook
33,PlayMusic
34,SearchScreeningEvent
35,GetWeather
36,GetWeather
37,SearchScreeningEvent
38,GetWeather
39,SearchScreeningEvent
40,PlayMusic
41,PlayMusic
42,SearchScreeningEvent
43,PlayMusic
44,GetWeather
45,GetWeather
46,PlayMusic
47,BookRestaurant
48,GetWeather
49,GetWeather
50,GetWeather
51,RateBook
52,GetWeather
53,SearchScreeningEvent
54,BookRestaurant
55,AddToPlaylist
56,SearchScreeningEvent
57,GetWeather
58,RateBook
59,GetWeather
60,GetWeather
61,PlayMusic
62,SearchScreeningEvent
63,SearchScreeningEvent
64,GetWeather
65,SearchScreeningEvent
66,GetWeather
67,SearchCreativeWork
68,SearchScreeningEvent
69,PlayMusic
70,SearchScreeningEvent
71,PlayMusic
72,SearchCreativeWork
73,GetWeather
74,AddToPlaylist
75,PlayMusic
76,GetWeather
77,SearchScreeningEvent
78,GetWeather
79,PlayMusic
80,PlayMusic
81,SearchScreeningEvent
82,PlayMusic
83,GetWeather
84,SearchScreeningEvent
85,GetWeather
86,PlayMusic
87,SearchCreativeWork
88,GetWeather
89,SearchScreeningEvent
90,BookRestaurant
91,GetWeather
92,GetWeather
93,GetWeather
94,PlayMusic
95,RateBook
96,BookRestaurant
97,PlayMusic
98,RateBook
99,SearchCreativeWork
100,SearchScreeningEvent
101,GetWeather
102,RateBook
103,RateBook
104,PlayMusic
105,PlayMusic
106,GetWeather
107,GetWeather
108,PlayMusic
109,PlayMusic
110,PlayMusic
111,GetWeather
112,PlayMusic
113,RateBook
114,PlayMusic
115,PlayMusic
116,SearchScreeningEvent
117,GetWeather
118,GetWeather
119,SearchScreeningEvent
120,AddToPlaylist
121,PlayMusic
122,PlayMusic
123,SearchScreeningEvent
124,GetWeather
125,PlayMusic
126,PlayMusic
127,GetWeather
128,SearchScreeningEvent
129,GetWeather
130,GetWeather
131,PlayMusic
132,AddToPlaylist
133,RateBook
134,PlayMusic
135,RateBook
136,SearchCreativeWork
137,SearchCreativeWork
138,SearchCreativeWork
139,GetWeather
140,BookRestaurant
141,SearchScreeningEvent
142,SearchScreeningEvent
143,GetWeather
144,GetWeather
145,SearchCreativeWork
146,GetWeather
147,SearchCreativeWork
148,GetWeather
149,GetWeather
150,GetWeather
151,PlayMusic
152,GetWeather
153,PlayMusic
154,RateBook
155,PlayMusic
156,GetWeather
157,SearchCreativeWork
158,GetWeather
159,SearchCreativeWork
160,PlayMusic
161,PlayMusic
162,GetWeather
163,PlayMusic
164,GetWeather
165,PlayMusic
166,PlayMusic
167,GetWeather
168,PlayMusic
169,PlayMusic
170,BookRestaurant
171,GetWeather
172,GetWeather
173,PlayMusic
174,GetWeather
175,AddToPlaylist
176,SearchCreativeWork
177,SearchScreeningEvent
178,GetWeather
179,GetWeather
180,GetWeather
181,PlayMusic
182,PlayMusic
183,PlayMusic
184,PlayMusic
185,GetWeather
186,GetWeather
187,GetWeather
188,PlayMusic
189,GetWeather
190,SearchScreeningEvent
191,SearchCreativeWork
192,SearchCreativeWork
193,GetWeather
194,AddToPlaylist
195,AddToPlaylist
196,SearchScreeningEvent
197,GetWeather
198,PlayMusic
199,RateBook
200,GetWeather
201,GetWeather
202,GetWeather
203,PlayMusic
204,PlayMusic
205,PlayMusic
206,GetWeather
207,GetWeather
208,SearchCreativeWork
209,GetWeather
210,PlayMusic
211,GetWeather
212,GetWeather
213,SearchCreativeWork
214,GetWeather
215,GetWeather
216,GetWeather
217,RateBook
218,RateBook
219,GetWeather
220,AddToPlaylist
221,SearchCreativeWork
222,RateBook
223,AddToPlaylist
224,PlayMusic
225,SearchScreeningEvent
226,GetWeather
227,GetWeather
228,GetWeather
229,SearchScreeningEvent
230,SearchScreeningEvent
231,GetWeather
232,GetWeather
233,SearchScreeningEvent
234,SearchScreeningEvent
235,GetWeather
236,RateBook
237,RateBook
238,GetWeather
239,RateBook
240,PlayMusic
241,PlayMusic
242,PlayMusic
243,SearchCreativeWork
244,GetWeather
245,SearchScreeningEvent
246,GetWeather
247,SearchScreeningEvent
248,GetWeather
249,RateBook
250,GetWeather
251,AddToPlaylist
252,PlayMusic
253,GetWeather
254,GetWeather
255,GetWeather
256,GetWeather
257,GetWeather
258,PlayMusic
259,PlayMusic
260,SearchScreeningEvent
261,GetWeather
262,GetWeather
263,PlayMusic
264,SearchScreeningEvent
265,SearchScreeningEvent
266,SearchScreeningEvent
267,PlayMusic
268,PlayMusic
269,GetWeather
270,AddToPlaylist
271,GetWeather
272,GetWeather
273,GetWeather
274,RateBook
275,BookRestaurant
276,RateBook
277,BookRestaurant
278,PlayMusic
279,SearchCreativeWork
280,PlayMusic
281,RateBook
282,BookRestaurant
283,RateBook
284,GetWeather
285,BookRestaurant
286,PlayMusic
287,AddToPlaylist
288,AddToPlaylist
289,SearchCreativeWork
290,RateBook
291,GetWeather
292,SearchScreeningEvent
293,PlayMusic
294,GetWeather
295,PlayMusic
296,PlayMusic
297,GetWeather
298,GetWeather
299,SearchScreeningEvent
300,SearchCreativeWork
301,PlayMusic
302,AddToPlaylist
303,GetWeather
304,PlayMusic
305,GetWeather
306,SearchScreeningEvent
307,SearchCreativeWork
308,SearchScreeningEvent
309,BookRestaurant
310,SearchCreativeWork
311,PlayMusic
312,SearchScreeningEvent
313,PlayMusic
314,SearchScreeningEvent
315,PlayMusic
316,GetWeather
317,PlayMusic
318,GetWeather
319,GetWeather
320,GetWeather
321,PlayMusic
322,PlayMusic
323,SearchScreeningEvent
324,RateBook
325,SearchScreeningEvent
326,PlayMusic
327,BookRestaurant
328,PlayMusic
329,RateBook
330,GetWeather
331,GetWeather
332,GetWeather
333,PlayMusic
334,PlayMusic
335,RateBook
336,GetWeather
337,PlayMusic
338,PlayMusic
339,GetWeather
340,GetWeather
341,SearchCreativeWork
342,GetWeather
343,GetWeather
344,SearchScreeningEvent
345,PlayMusic
346,GetWeather
347,PlayMusic
348,PlayMusic
349,RateBook
350,SearchScreeningEvent
351,AddToPlaylist
352,PlayMusic
353,GetWeather
354,AddToPlaylist
355,GetWeather
356,RateBook
357,PlayMusic
358,GetWeather
359,GetWeather
360,GetWeather
361,BookRestaurant
362,GetWeather
363,SearchScreeningEvent
364,PlayMusic
365,PlayMusic
366,SearchScreeningEvent
367,PlayMusic
368,PlayMusic
369,PlayMusic
370,RateBook
371,GetWeather
372,PlayMusic
373,PlayMusic
374,GetWeather
375,GetWeather
376,GetWeather
377,AddToPlaylist
378,SearchScreeningEvent
379,GetWeather
380,GetWeather
381,PlayMusic
382,AddToPlaylist
383,GetWeather
384,AddToPlaylist
385,SearchScreeningEvent
386,GetWeather
387,GetWeather
388,GetWeather
389,BookRestaurant
390,GetWeather
391,PlayMusic
392,GetWeather
393,SearchScreeningEvent
394,GetWeather
395,GetWeather
396,BookRestaurant
397,BookRestaurant
398,GetWeather
399,PlayMusic
400,SearchCreativeWork
401,SearchScreeningEvent
402,GetWeather
403,RateBook
404,PlayMusic
405,GetWeather
406,PlayMusic
407,PlayMusic
408,SearchCreativeWork
409,GetWeather
410,SearchScreeningEvent
411,PlayMusic
412,AddToPlaylist
413,PlayMusic
414,GetWeather
415,RateBook
416,GetWeather
417,GetWeather
418,SearchScreeningEvent
419,RateBook
420,GetWeather
421,GetWeather
422,GetWeather
423,AddToPlaylist
424,RateBook
425,GetWeather
426,GetWeather
427,GetWeather
428,RateBook
429,SearchScreeningEvent
430,GetWeather
431,PlayMusic
432,PlayMusic
433,SearchScreeningEvent
434,GetWeather
435,GetWeather
436,GetWeather
437,RateBook
438,PlayMusic
439,PlayMusic
440,GetWeather
441,SearchCreativeWork
442,GetWeather
443,SearchScreeningEvent
444,BookRestaurant
445,SearchCreativeWork
446,RateBook
447,BookRestaurant
448,BookRestaurant
449,SearchCreativeWork
450,RateBook
451,GetWeather
452,SearchScreeningEvent
453,PlayMusic
454,SearchScreeningEvent
455,RateBook
456,PlayMusic
457,GetWeather
458,GetWeather
459,GetWeather
460,GetWeather
461,RateBook
462,PlayMusic
463,GetWeather
464,SearchCreativeWork
465,PlayMusic
466,RateBook
467,GetWeather
468,SearchCreativeWork
469,GetWeather
470,GetWeather
471,PlayMusic
472,GetWeather
473,GetWeather
474,GetWeather
475,GetWeather
476,PlayMusic
477,PlayMusic
478,RateBook
479,GetWeather
480,GetWeather
481,GetWeather
482,RateBook
483,AddToPlaylist
484,GetWeather
485,AddToPlaylist
486,PlayMusic
487,GetWeather
488,PlayMusic
489,GetWeather
490,PlayMusic
491,PlayMusic
492,GetWeather
493,GetWeather
494,BookRestaurant
495,AddToPlaylist
496,PlayMusic
497,BookRestaurant
498,GetWeather
499,GetWeather
500,SearchCreativeWork
501,PlayMusic
502,RateBook
503,GetWeather
504,GetWeather
505,SearchCreativeWork
506,GetWeather
507,AddToPlaylist
508,GetWeather
509,GetWeather
510,PlayMusic
511,SearchCreativeWork
512,BookRestaurant
513,SearchCreativeWork
514,PlayMusic
515,PlayMusic
516,GetWeather
517,RateBook
518,SearchCreativeWork
519,BookRestaurant
520,BookRestaurant
521,AddToPlaylist
522,AddToPlaylist
523,RateBook
524,GetWeather
525,SearchCreativeWork
526,AddToPlaylist
527,PlayMusic
528,PlayMusic
529,SearchCreativeWork
530,PlayMusic
531,PlayMusic
532,PlayMusic
533,PlayMusic
534,GetWeather
535,GetWeather
536,SearchScreeningEvent
537,GetWeather
538,PlayMusic
539,GetWeather
540,GetWeather
541,GetWeather
542,GetWeather
543,SearchCreativeWork
544,PlayMusic
545,PlayMusic
546,GetWeather
547,PlayMusic
548,PlayMusic
549,PlayMusic
550,PlayMusic
551,SearchScreeningEvent
552,GetWeather
553,PlayMusic
554,RateBook
555,BookRestaurant
556,GetWeather
557,PlayMusic
558,AddToPlaylist
559,SearchCreativeWork
560,GetWeather
561,GetWeather
562,RateBook
563,GetWeather
564,PlayMusic
565,PlayMusic
566,RateBook
567,GetWeather
568,GetWeather
569,GetWeather
570,SearchScreeningEvent
571,SearchScreeningEvent
572,RateBook
573,PlayMusic
574,GetWeather
575,BookRestaurant
576,GetWeather
577,GetWeather
578,AddToPlaylist
579,PlayMusic
580,BookRestaurant
581,PlayMusic
582,GetWeather
583,GetWeather
584,RateBook
585,GetWeather
586,BookRestaurant
587,GetWeather
588,AddToPlaylist
589,GetWeather
590,SearchCreativeWork
591,PlayMusic
592,PlayMusic
593,GetWeather
594,AddToPlaylist
595,PlayMusic
596,GetWeather
597,BookRestaurant
598,PlayMusic
599,AddToPlaylist
600,GetWeather
601,AddToPlaylist
602,PlayMusic
603,PlayMusic
604,AddToPlaylist
605,GetWeather
606,BookRestaurant
607,PlayMusic
608,PlayMusic
609,SearchScreeningEvent
610,GetWeather
611,SearchScreeningEvent
612,GetWeather
613,BookRestaurant
614,SearchScreeningEvent
615,RateBook
616,PlayMusic
617,PlayMusic
618,PlayMusic
619,GetWeather
620,RateBook
621,GetWeather
622,RateBook
623,SearchCreativeWork
624,PlayMusic
625,BookRestaurant
626,PlayMusic
627,GetWeather
628,BookRestaurant
629,RateBook
630,RateBook
631,SearchCreativeWork
632,PlayMusic
633,SearchScreeningEvent
634,GetWeather
635,SearchCreativeWork
636,PlayMusic
637,BookRestaurant
638,GetWeather
639,GetWeather
640,RateBook
641,PlayMusic
642,SearchScreeningEvent
643,SearchScreeningEvent
644,GetWeather
645,GetWeather
646,PlayMusic
647,AddToPlaylist
648,RateBook
649,AddToPlaylist
650,SearchScreeningEvent
651,BookRestaurant
652,PlayMusic
653,GetWeather
654,SearchScreeningEvent
655,PlayMusic
656,GetWeather
657,GetWeather
658,AddToPlaylist
659,SearchCreativeWork
660,PlayMusic
661,RateBook
662,GetWeather
663,PlayMusic
664,GetWeather
665,SearchCreativeWork
666,SearchCreativeWork
667,PlayMusic
668,GetWeather
669,GetWeather
670,PlayMusic
671,SearchCreativeWork
672,SearchCreativeWork
673,GetWeather
674,SearchCreativeWork
675,AddToPlaylist
676,GetWeather
677,SearchCreativeWork
678,GetWeather
679,RateBook
680,RateBook
681,GetWeather
682,BookRestaurant
683,GetWeather
684,RateBook
685,AddToPlaylist
686,AddToPlaylist
687,GetWeather
688,SearchScreeningEvent
689,GetWeather
690,PlayMusic
691,SearchScreeningEvent
692,GetWeather
693,GetWeather
694,PlayMusic
695,GetWeather
696,BookRestaurant
697,RateBook
698,PlayMusic
699,RateBook
700,BookRestaurant
701,PlayMusic
702,BookRestaurant
703,GetWeather
704,BookRestaurant
705,SearchScreeningEvent
706,PlayMusic
707,RateBook
708,PlayMusic
709,PlayMusic
710,PlayMusic
711,RateBook
712,PlayMusic
713,AddToPlaylist
714,PlayMusic
715,PlayMusic
716,GetWeather
717,GetWeather
718,PlayMusic
719,PlayMusic
720,PlayMusic
721,GetWeather
722,PlayMusic
723,GetWeather
724,PlayMusic
725,PlayMusic
726,GetWeather
727,PlayMusic
728,RateBook
729,SearchCreativeWork
730,GetWeather
731,RateBook
732,PlayMusic
733,SearchScreeningEvent
734,PlayMusic
735,GetWeather
736,RateBook
737,SearchCreativeWork
738,SearchScreeningEvent
739,BookRestaurant
740,RateBook
741,GetWeather
742,BookRestaurant
743,SearchCreativeWork
744,GetWeather
745,RateBook
746,GetWeather
747,SearchScreeningEvent
748,PlayMusic
749,PlayMusic
750,PlayMusic
751,AddToPlaylist
752,SearchScreeningEvent
753,GetWeather
754,GetWeather
755,GetWeather
756,SearchCreativeWork
757,GetWeather
758,PlayMusic
759,SearchScreeningEvent
760,PlayMusic
761,SearchScreeningEvent
762,PlayMusic
763,GetWeather
764,GetWeather
765,GetWeather
766,PlayMusic
767,RateBook
768,PlayMusic
769,GetWeather
770,RateBook
771,BookRestaurant
772,GetWeather
773,BookRestaurant
774,PlayMusic
775,AddToPlaylist
776,SearchScreeningEvent
777,RateBook
778,PlayMusic
779,AddToPlaylist
780,BookRestaurant
781,RateBook
782,GetWeather
783,GetWeather
784,GetWeather
785,GetWeather
786,GetWeather
787,SearchScreeningEvent
788,GetWeather
789,RateBook
790,GetWeather
791,PlayMusic
792,SearchCreativeWork
793,SearchScreeningEvent
794,GetWeather
795,GetWeather
796,RateBook
797,SearchScreeningEvent
798,PlayMusic
799,PlayMusic
800,GetWeather
801,SearchCreativeWork
802,RateBook
803,GetWeather
804,SearchScreeningEvent
805,SearchScreeningEvent
806,GetWeather
807,PlayMusic
808,GetWeather
809,GetWeather
810,BookRestaurant
811,PlayMusic
812,SearchCreativeWork
813,PlayMusic
814,SearchScreeningEvent
815,PlayMusic
816,GetWeather
817,RateBook
818,GetWeather
819,SearchScreeningEvent
820,RateBook
821,RateBook
822,RateBook
823,RateBook
824,GetWeather
825,GetWeather
826,AddToPlaylist
827,SearchScreeningEvent
828,SearchScreeningEvent
829,PlayMusic
830,PlayMusic
831,GetWeather
832,PlayMusic
833,GetWeather
834,GetWeather
835,GetWeather
836,GetWeather
837,PlayMusic
838,GetWeather
839,BookRestaurant
840,PlayMusic
841,PlayMusic
842,SearchScreeningEvent
843,PlayMusic
844,SearchScreeningEvent
845,SearchScreeningEvent
846,AddToPlaylist
847,GetWeather
848,SearchScreeningEvent
849,PlayMusic
850,BookRestaurant
851,SearchScreeningEvent
852,PlayMusic
853,GetWeather
854,PlayMusic
855,SearchScreeningEvent
856,RateBook
857,GetWeather
858,SearchScreeningEvent
859,PlayMusic
860,SearchCreativeWork
861,BookRestaurant
862,PlayMusic
863,PlayMusic
864,RateBook
865,GetWeather
866,RateBook
867,GetWeather
868,RateBook
869,GetWeather
870,PlayMusic
871,GetWeather
872,PlayMusic
873,GetWeather
874,GetWeather
875,RateBook
876,PlayMusic
877,PlayMusic
878,BookRestaurant
879,PlayMusic
880,PlayMusic
881,RateBook
882,GetWeather
883,GetWeather
884,BookRestaurant
885,RateBook
886,SearchScreeningEvent
887,AddToPlaylist
888,PlayMusic
889,GetWeather
890,PlayMusic
891,RateBook
892,SearchScreeningEvent
893,GetWeather
894,BookRestaurant
895,PlayMusic
896,PlayMusic
897,SearchScreeningEvent
898,BookRestaurant
899,PlayMusic
900,PlayMusic
901,GetWeather
902,RateBook
903,AddToPlaylist
904,GetWeather
905,GetWeather
906,PlayMusic
907,PlayMusic
908,RateBook
909,AddToPlaylist
910,RateBook
911,GetWeather
912,BookRestaurant
913,SearchScreeningEvent
914,GetWeather
915,RateBook
916,GetWeather
917,PlayMusic
918,PlayMusic
919,PlayMusic
920,RateBook
921,PlayMusic
922,PlayMusic
923,BookRestaurant
924,PlayMusic
925,SearchCreativeWork
926,RateBook
927,SearchCreativeWork
928,RateBook
929,BookRestaurant
930,SearchCreativeWork
931,PlayMusic
932,PlayMusic
933,PlayMusic
934,GetWeather
935,AddToPlaylist
936,PlayMusic
937,SearchScreeningEvent
938,SearchScreeningEvent
939,GetWeather
940,SearchScreeningEvent
941,SearchScreeningEvent
942,PlayMusic
943,AddToPlaylist
944,PlayMusic
945,PlayMusic
946,GetWeather
947,AddToPlaylist
948,PlayMusic
949,PlayMusic
950,RateBook
951,PlayMusic
952,RateBook
953,RateBook
954,GetWeather
955,GetWeather
956,GetWeather
957,AddToPlaylist
958,RateBook
959,GetWeather
960,BookRestaurant
961,PlayMusic
962,PlayMusic
963,RateBook
964,GetWeather
965,PlayMusic
966,BookRestaurant
967,GetWeather
968,GetWeather
969,RateBook
970,PlayMusic
971,PlayMusic
972,PlayMusic
973,PlayMusic
974,RateBook
975,PlayMusic
976,PlayMusic
977,BookRestaurant
978,PlayMusic
979,GetWeather
980,GetWeather
981,RateBook
982,SearchScreeningEvent
983,GetWeather
984,SearchCreativeWork
985,PlayMusic
986,RateBook
987,PlayMusic
988,SearchCreativeWork
989,GetWeather
990,GetWeather
991,GetWeather
992,GetWeather
993,RateBook
994,GetWeather
995,SearchScreeningEvent
996,GetWeather
997,PlayMusic
998,GetWeather
999,GetWeather
1000,RateBook
1001,RateBook
1002,GetWeather
1003,PlayMusic
1004,SearchScreeningEvent
1005,GetWeather
1006,GetWeather
1007,RateBook
1008,PlayMusic
1009,AddToPlaylist
1010,PlayMusic
1011,PlayMusic
1012,GetWeather
1013,AddToPlaylist
1014,GetWeather
1015,PlayMusic
1016,GetWeather
1017,SearchScreeningEvent
1018,BookRestaurant
1019,GetWeather
1020,GetWeather
1021,AddToPlaylist
1022,SearchScreeningEvent
1023,PlayMusic
1024,PlayMusic
1025,PlayMusic
1026,SearchScreeningEvent
1027,SearchScreeningEvent
1028,GetWeather
1029,PlayMusic
1030,GetWeather
1031,BookRestaurant
1032,PlayMusic
1033,GetWeather
1034,RateBook
1035,PlayMusic
1036,GetWeather
1037,GetWeather
1038,PlayMusic
1039,RateBook
1040,PlayMusic
1041,PlayMusic
1042,GetWeather
1043,PlayMusic
1044,GetWeather
1045,RateBook
1046,RateBook
1047,GetWeather
1048,SearchScreeningEvent
1049,PlayMusic
1050,SearchScreeningEvent
1051,PlayMusic
1052,GetWeather
1053,BookRestaurant
1054,PlayMusic
1055,PlayMusic
1056,PlayMusic
1057,PlayMusic
1058,PlayMusic
1059,GetWeather
1060,SearchScreeningEvent
1061,GetWeather
1062,PlayMusic
1063,SearchScreeningEvent
1064,BookRestaurant
1065,PlayMusic
1066,PlayMusic
1067,PlayMusic
1068,GetWeather
1069,RateBook
1070,RateBook
1071,PlayMusic
1072,GetWeather
1073,PlayMusic
1074,PlayMusic
1075,RateBook
1076,SearchCreativeWork
1077,GetWeather
1078,PlayMusic
1079,GetWeather
1080,GetWeather
1081,GetWeather
1082,RateBook
1083,GetWeather
1084,RateBook
1085,SearchCreativeWork
1086,PlayMusic
1087,PlayMusic
1088,PlayMusic
1089,AddToPlaylist
1090,PlayMusic
1091,SearchScreeningEvent
1092,AddToPlaylist
1093,GetWeather
1094,GetWeather
1095,GetWeather
1096,PlayMusic
1097,GetWeather
1098,AddToPlaylist
1099,BookRestaurant
1100,SearchCreativeWork
1101,RateBook
1102,PlayMusic
1103,GetWeather
1104,RateBook
1105,RateBook
1106,RateBook
1107,PlayMusic
1108,PlayMusic
1109,SearchCreativeWork
1110,GetWeather
1111,SearchScreeningEvent
1112,RateBook
1113,RateBook
1114,GetWeather
1115,SearchScreeningEvent
1116,GetWeather
1117,GetWeather
1118,GetWeather
1119,AddToPlaylist
1120,GetWeather
1121,RateBook
1122,SearchScreeningEvent
1123,PlayMusic
1124,PlayMusic
1125,PlayMusic
1126,SearchCreativeWork
1127,RateBook
1128,PlayMusic
1129,PlayMusic
1130,GetWeather
1131,PlayMusic
1132,SearchScreeningEvent
1133,PlayMusic
1134,PlayMusic
1135,SearchScreeningEvent
1136,PlayMusic
1137,SearchCreativeWork
1138,GetWeather
1139,SearchCreativeWork
1140,PlayMusic
1141,SearchScreeningEvent
1142,GetWeather
1143,AddToPlaylist
1144,RateBook
1145,RateBook
1146,PlayMusic
1147,BookRestaurant
1148,AddToPlaylist
1149,RateBook
1150,AddToPlaylist
1151,BookRestaurant
1152,PlayMusic
1153,GetWeather
1154,SearchCreativeWork
1155,PlayMusic
1156,RateBook
1157,SearchScreeningEvent
1158,GetWeather
1159,GetWeather
1160,PlayMusic
1161,AddToPlaylist
1162,PlayMusic
1163,GetWeather
1164,GetWeather
1165,GetWeather
1166,GetWeather
1167,AddToPlaylist
1168,SearchScreeningEvent
1169,AddToPlaylist
1170,RateBook
1171,AddToPlaylist
1172,BookRestaurant
1173,GetWeather
1174,BookRestaurant
1175,PlayMusic
1176,GetWeather
1177,SearchCreativeWork
1178,PlayMusic
1179,PlayMusic
1180,AddToPlaylist
1181,GetWeather
1182,GetWeather
1183,GetWeather
1184,PlayMusic
1185,RateBook
1186,PlayMusic
1187,GetWeather
1188,PlayMusic
1189,PlayMusic
1190,GetWeather
1191,PlayMusic
1192,SearchScreeningEvent
1193,GetWeather
1194,GetWeather
1195,GetWeather
1196,GetWeather
1197,GetWeather
1198,PlayMusic
1199,PlayMusic
1200,PlayMusic
1201,GetWeather
1202,SearchScreeningEvent
1203,SearchCreativeWork
1204,AddToPlaylist
1205,PlayMusic
1206,SearchScreeningEvent
1207,GetWeather
1208,RateBook
1209,RateBook
1210,BookRestaurant
1211,PlayMusic
1212,GetWeather
1213,AddToPlaylist
1214,BookRestaurant
1215,PlayMusic
1216,GetWeather
1217,AddToPlaylist
1218,RateBook
1219,PlayMusic
1220,GetWeather
1221,PlayMusic
1222,GetWeather
1223,SearchScreeningEvent
1224,GetWeather
1225,SearchScreeningEvent
1226,PlayMusic
1227,PlayMusic
1228,SearchScreeningEvent
1229,PlayMusic
1230,SearchScreeningEvent
1231,GetWeather
1232,PlayMusic
1233,GetWeather
1234,RateBook
1235,SearchScreeningEvent
1236,PlayMusic
1237,RateBook
1238,GetWeather
1239,RateBook
1240,PlayMusic
1241,RateBook
1242,RateBook
1243,GetWeather
1244,GetWeather
1245,PlayMusic
1246,PlayMusic
1247,SearchScreeningEvent
1248,GetWeather
1249,SearchScreeningEvent
1250,PlayMusic
1251,SearchScreeningEvent
1252,PlayMusic
1253,GetWeather
1254,GetWeather
1255,GetWeather
1256,RateBook
1257,RateBook
1258,SearchScreeningEvent
1259,PlayMusic
1260,GetWeather
1261,GetWeather
1262,AddToPlaylist
1263,SearchScreeningEvent
1264,RateBook
1265,PlayMusic
1266,PlayMusic
1267,GetWeather
1268,SearchCreativeWork
1269,BookRestaurant
1270,PlayMusic
1271,PlayMusic
1272,PlayMusic
1273,GetWeather
1274,PlayMusic
1275,PlayMusic
1276,PlayMusic
1277,SearchCreativeWork
1278,GetWeather
1279,PlayMusic
1280,GetWeather
1281,PlayMusic
1282,RateBook
1283,PlayMusic
1284,PlayMusic
1285,PlayMusic
1286,GetWeather
1287,SearchScreeningEvent
1288,BookRestaurant
1289,PlayMusic
1290,PlayMusic
1291,SearchScreeningEvent
1292,RateBook
1293,GetWeather
1294,SearchCreativeWork
1295,BookRestaurant
1296,BookRestaurant
1297,BookRestaurant
1298,PlayMusic
1299,GetWeather
1300,PlayMusic
1301,SearchScreeningEvent
1302,BookRestaurant
1303,BookRestaurant
1304,AddToPlaylist
1305,GetWeather
1306,AddToPlaylist
1307,GetWeather
1308,PlayMusic
1309,GetWeather
1310,PlayMusic
1311,PlayMusic
1312,PlayMusic
1313,SearchScreeningEvent
1314,GetWeather
1315,RateBook
1316,GetWeather
1317,AddToPlaylist
1318,PlayMusic
1319,RateBook
1320,PlayMusic
1321,PlayMusic
1322,GetWeather
1323,GetWeather
1324,RateBook
1325,GetWeather
1326,GetWeather
1327,GetWeather
1328,PlayMusic
1329,PlayMusic
1330,SearchCreativeWork
1331,GetWeather
1332,AddToPlaylist
1333,PlayMusic
1334,GetWeather
1335,SearchScreeningEvent
1336,GetWeather
1337,SearchScreeningEvent
1338,SearchCreativeWork
1339,RateBook
1340,PlayMusic
1341,PlayMusic
1342,GetWeather
1343,SearchScreeningEvent
1344,PlayMusic
1345,PlayMusic
1346,PlayMusic
1347,GetWeather
1348,PlayMusic
1349,BookRestaurant
1350,RateBook
1351,AddToPlaylist
1352,RateBook
1353,PlayMusic
1354,RateBook
1355,GetWeather
1356,RateBook
1357,SearchScreeningEvent
1358,PlayMusic
1359,GetWeather
1360,GetWeather
1361,SearchCreativeWork
1362,AddToPlaylist
1363,PlayMusic
1364,PlayMusic
1365,AddToPlaylist
1366,SearchScreeningEvent
1367,GetWeather
1368,GetWeather
1369,PlayMusic
1370,SearchScreeningEvent
1371,GetWeather
1372,PlayMusic
1373,PlayMusic
1374,SearchScreeningEvent
1375,GetWeather
1376,GetWeather
1377,GetWeather
1378,PlayMusic
1379,SearchCreativeWork
1380,GetWeather
1381,PlayMusic
1382,PlayMusic
1383,PlayMusic
1384,SearchScreeningEvent
1385,BookRestaurant
1386,GetWeather
1387,GetWeather
1388,PlayMusic
1389,BookRestaurant
1390,PlayMusic
1391,GetWeather
1392,PlayMusic
1393,GetWeather
1394,RateBook
1395,GetWeather
1396,PlayMusic
1397,PlayMusic
1398,AddToPlaylist
1399,PlayMusic
1400,PlayMusic
1401,PlayMusic
1402,GetWeather
1403,BookRestaurant
1404,PlayMusic
1405,AddToPlaylist
1406,AddToPlaylist
1407,SearchScreeningEvent
1408,PlayMusic
1409,PlayMusic
1410,GetWeather
1411,GetWeather
1412,GetWeather
1413,SearchScreeningEvent
1414,GetWeather
1415,PlayMusic
1416,BookRestaurant
1417,GetWeather
1418,GetWeather
1419,GetWeather
1420,PlayMusic
1421,GetWeather
1422,GetWeather
1423,GetWeather
1424,PlayMusic
1425,RateBook
1426,GetWeather
1427,GetWeather
1428,PlayMusic
1429,GetWeather
1430,AddToPlaylist
1431,GetWeather
1432,GetWeather
1433,GetWeather
1434,GetWeather
1435,PlayMusic
1436,SearchScreeningEvent
1437,SearchCreativeWork
1438,PlayMusic
1439,SearchScreeningEvent
1440,RateBook
1441,PlayMusic
1442,GetWeather
1443,GetWeather
1444,SearchScreeningEvent
1445,GetWeather
1446,GetWeather
1447,GetWeather
1448,RateBook
1449,BookRestaurant
1450,PlayMusic
1451,GetWeather
1452,RateBook
1453,SearchCreativeWork
1454,PlayMusic
1455,SearchCreativeWork
1456,SearchCreativeWork
1457,GetWeather
1458,GetWeather
1459,PlayMusic
1460,GetWeather
1461,RateBook
1462,GetWeather
1463,PlayMusic
1464,RateBook
1465,AddToPlaylist
1466,PlayMusic
1467,SearchScreeningEvent
1468,RateBook
1469,GetWeather
1470,PlayMusic
1471,RateBook
1472,GetWeather
1473,SearchScreeningEvent
1474,GetWeather
1475,GetWeather
1476,RateBook
1477,PlayMusic
1478,SearchCreativeWork
1479,PlayMusic
1480,SearchScreeningEvent
1481,SearchScreeningEvent
1482,SearchCreativeWork
1483,PlayMusic
1484,GetWeather
1485,PlayMusic
1486,PlayMusic
1487,GetWeather
1488,SearchCreativeWork
1489,RateBook
1490,GetWeather
1491,BookRestaurant
1492,RateBook
1493,PlayMusic
1494,PlayMusic
1495,SearchScreeningEvent
1496,BookRestaurant
1497,RateBook
1498,GetWeather
1499,RateBook
1500,SearchScreeningEvent
1501,AddToPlaylist
1502,GetWeather
1503,SearchScreeningEvent
1504,GetWeather
1505,RateBook
1506,SearchCreativeWork
1507,BookRestaurant
1508,SearchCreativeWork
1509,PlayMusic
1510,GetWeather
1511,PlayMusic
1512,RateBook
1513,BookRestaurant
1514,PlayMusic
1515,RateBook
1516,GetWeather
1517,RateBook
1518,GetWeather
1519,GetWeather
1520,RateBook
1521,RateBook
1522,SearchCreativeWork
1523,AddToPlaylist
1524,PlayMusic
1525,GetWeather
1526,PlayMusic
1527,SearchCreativeWork
1528,GetWeather
1529,GetWeather
1530,RateBook
1531,BookRestaurant
1532,SearchCreativeWork
1533,GetWeather
1534,AddToPlaylist
1535,SearchScreeningEvent
1536,GetWeather
1537,PlayMusic
1538,RateBook
1539,GetWeather
1540,RateBook
1541,RateBook
1542,PlayMusic
1543,BookRestaurant
1544,PlayMusic
1545,PlayMusic
1546,SearchScreeningEvent
1547,RateBook
1548,GetWeather
1549,PlayMusic
1550,RateBook
1551,SearchScreeningEvent
1552,PlayMusic
1553,GetWeather
1554,PlayMusic
1555,BookRestaurant
1556,GetWeather
1557,SearchScreeningEvent
1558,GetWeather
1559,GetWeather
1560,BookRestaurant
1561,GetWeather
1562,BookRestaurant
1563,BookRestaurant
1564,PlayMusic
1565,SearchCreativeWork
1566,PlayMusic
1567,PlayMusic
1568,AddToPlaylist
1569,AddToPlaylist
1570,GetWeather
1571,SearchCreativeWork
1572,SearchScreeningEvent
1573,GetWeather
1574,GetWeather
1575,GetWeather
1576,RateBook
1577,GetWeather
1578,GetWeather
1579,SearchCreativeWork
1580,GetWeather
1581,GetWeather
1582,GetWeather
1583,SearchCreativeWork
1584,SearchScreeningEvent
1585,SearchCreativeWork
1586,GetWeather
1587,AddToPlaylist
1588,GetWeather
1589,SearchCreativeWork
1590,PlayMusic
1591,AddToPlaylist
1592,GetWeather
1593,PlayMusic
1594,SearchCreativeWork
1595,PlayMusic
1596,GetWeather
1597,GetWeather
1598,RateBook
1599,PlayMusic
1600,PlayMusic
1601,SearchScreeningEvent
1602,RateBook
1603,RateBook
1604,SearchScreeningEvent
1605,SearchScreeningEvent
1606,GetWeather
1607,GetWeather
1608,SearchScreeningEvent
1609,RateBook
1610,GetWeather
1611,SearchScreeningEvent
1612,RateBook
1613,SearchCreativeWork
1614,GetWeather
1615,RateBook
1616,GetWeather
1617,RateBook
1618,GetWeather
1619,SearchCreativeWork
1620,PlayMusic
1621,RateBook
1622,SearchCreativeWork
1623,PlayMusic
1624,GetWeather
1625,GetWeather
1626,GetWeather
1627,GetWeather
1628,RateBook
1629,GetWeather
1630,AddToPlaylist
1631,PlayMusic
1632,SearchCreativeWork
1633,PlayMusic
1634,SearchScreeningEvent
1635,GetWeather
1636,RateBook
1637,AddToPlaylist
1638,SearchCreativeWork
1639,AddToPlaylist
1640,GetWeather
1641,PlayMusic
1642,GetWeather
1643,GetWeather
1644,PlayMusic
1645,RateBook
1646,RateBook
1647,PlayMusic
1648,PlayMusic
1649,GetWeather
1650,RateBook
1651,GetWeather
1652,PlayMusic
1653,SearchCreativeWork
1654,RateBook
1655,PlayMusic
1656,PlayMusic
1657,SearchCreativeWork
1658,SearchScreeningEvent
1659,BookRestaurant
1660,PlayMusic
1661,PlayMusic
1662,PlayMusic
1663,GetWeather
1664,GetWeather
1665,GetWeather
1666,AddToPlaylist
1667,GetWeather
1668,PlayMusic
1669,GetWeather
1670,GetWeather
1671,SearchCreativeWork
1672,RateBook
1673,PlayMusic
1674,SearchScreeningEvent
1675,GetWeather
1676,GetWeather
1677,GetWeather
1678,PlayMusic
1679,GetWeather
1680,GetWeather
1681,GetWeather
1682,PlayMusic
1683,RateBook
1684,GetWeather
1685,GetWeather
1686,GetWeather
1687,BookRestaurant
1688,SearchScreeningEvent
1689,SearchScreeningEvent
1690,AddToPlaylist
1691,PlayMusic
1692,PlayMusic
1693,GetWeather
1694,BookRestaurant
1695,PlayMusic
1696,BookRestaurant
1697,PlayMusic
1698,GetWeather
1699,PlayMusic
1700,BookRestaurant
1701,AddToPlaylist
1702,PlayMusic
1703,BookRestaurant
1704,GetWeather
1705,GetWeather
1706,AddToPlaylist
1707,PlayMusic
1708,BookRestaurant
1709,PlayMusic
1710,RateBook
1711,PlayMusic
1712,GetWeather
1713,GetWeather
1714,GetWeather
1715,SearchCreativeWork
1716,GetWeather
1717,SearchScreeningEvent
1718,PlayMusic
1719,RateBook
1720,SearchCreativeWork
1721,RateBook
1722,RateBook
1723,PlayMusic
1724,PlayMusic
1725,SearchScreeningEvent
1726,RateBook
1727,PlayMusic
1728,RateBook
1729,SearchScreeningEvent
1730,GetWeather
1731,SearchCreativeWork
1732,PlayMusic
1733,PlayMusic
1734,SearchCreativeWork
1735,RateBook
1736,PlayMusic
1737,PlayMusic
1738,RateBook
1739,PlayMusic
1740,GetWeather
1741,SearchScreeningEvent
1742,AddToPlaylist
1743,RateBook
1744,GetWeather
1745,RateBook
1746,SearchScreeningEvent
1747,RateBook
1748,GetWeather
1749,SearchScreeningEvent
1750,GetWeather
1751,GetWeather
1752,GetWeather
1753,GetWeather
1754,SearchCreativeWork
1755,BookRestaurant
1756,GetWeather
1757,SearchCreativeWork
1758,PlayMusic
1759,GetWeather
1760,GetWeather
1761,PlayMusic
1762,PlayMusic
1763,PlayMusic
1764,SearchScreeningEvent
1765,BookRestaurant
1766,SearchCreativeWork
1767,GetWeather
1768,SearchCreativeWork
1769,PlayMusic
1770,PlayMusic
1771,PlayMusic
1772,PlayMusic
1773,GetWeather
1774,GetWeather
1775,PlayMusic
1776,GetWeather
1777,PlayMusic
1778,GetWeather
1779,PlayMusic
1780,GetWeather
1781,SearchCreativeWork
1782,AddToPlaylist
1783,SearchCreativeWork
1784,SearchScreeningEvent
1785,PlayMusic
1786,GetWeather
1787,GetWeather
1788,GetWeather
1789,PlayMusic
1790,GetWeather
1791,SearchScreeningEvent
1792,GetWeather
1793,GetWeather
1794,GetWeather
1795,SearchScreeningEvent
1796,SearchCreativeWork
1797,RateBook
1798,BookRestaurant
1799,RateBook
1800,GetWeather
1801,PlayMusic
1802,GetWeather
1803,GetWeather
1804,SearchCreativeWork
1805,RateBook
1806,GetWeather
1807,GetWeather
1808,GetWeather
1809,PlayMusic
1810,RateBook
1811,GetWeather
1812,RateBook
1813,PlayMusic
1814,GetWeather
1815,RateBook
1816,AddToPlaylist
1817,RateBook
1818,SearchScreeningEvent
1819,PlayMusic
1820,SearchScreeningEvent
1821,RateBook
1822,PlayMusic
1823,SearchScreeningEvent
1824,PlayMusic
1825,GetWeather
1826,RateBook
1827,SearchCreativeWork
1828,PlayMusic
1829,PlayMusic
1830,GetWeather
1831,BookRestaurant
1832,SearchScreeningEvent
1833,AddToPlaylist
1834,GetWeather
1835,GetWeather
1836,RateBook
1837,BookRestaurant
1838,GetWeather
1839,SearchScreeningEvent
1840,PlayMusic
1841,PlayMusic
1842,PlayMusic
1843,RateBook
1844,GetWeather
1845,SearchScreeningEvent
1846,PlayMusic
1847,GetWeather
1848,GetWeather
1849,SearchScreeningEvent
1850,AddToPlaylist
1851,BookRestaurant
1852,GetWeather
1853,GetWeather
1854,GetWeather
1855,GetWeather
1856,PlayMusic
1857,GetWeather
1858,GetWeather
1859,GetWeather
1860,GetWeather
1861,GetWeather
1862,RateBook
1863,SearchCreativeWork
1864,GetWeather
1865,GetWeather
1866,GetWeather
1867,PlayMusic
1868,RateBook
1869,GetWeather
1870,GetWeather
1871,PlayMusic
1872,BookRestaurant
1873,PlayMusic
1874,SearchScreeningEvent
1875,SearchScreeningEvent
1876,GetWeather
1877,RateBook
1878,RateBook
1879,PlayMusic
1880,PlayMusic
1881,BookRestaurant
1882,SearchScreeningEvent
1883,PlayMusic
1884,SearchScreeningEvent
1885,PlayMusic
1886,GetWeather
1887,PlayMusic
1888,RateBook
1889,GetWeather
1890,PlayMusic
1891,BookRestaurant
1892,PlayMusic
1893,SearchScreeningEvent
1894,PlayMusic
1895,GetWeather
1896,GetWeather
1897,GetWeather
1898,GetWeather
1899,RateBook
1900,SearchCreativeWork
1901,GetWeather
1902,PlayMusic
1903,GetWeather
1904,SearchScreeningEvent
1905,GetWeather
1906,SearchScreeningEvent
1907,GetWeather
1908,GetWeather
1909,SearchScreeningEvent
1910,GetWeather
1911,GetWeather
1912,GetWeather
1913,SearchScreeningEvent
1914,AddToPlaylist
1915,SearchScreeningEvent
1916,RateBook
1917,SearchScreeningEvent
1918,RateBook
1919,PlayMusic
1920,GetWeather
1921,PlayMusic
1922,SearchScreeningEvent
1923,GetWeather
1924,GetWeather
1925,SearchScreeningEvent
1926,SearchScreeningEvent
1927,RateBook
1928,RateBook
1929,SearchCreativeWork
1930,GetWeather
1931,AddToPlaylist
1932,GetWeather
1933,AddToPlaylist
1934,GetWeather
1935,GetWeather
1936,RateBook
1937,GetWeather
1938,RateBook
1939,GetWeather
1940,SearchCreativeWork
1941,AddToPlaylist
1942,AddToPlaylist
1943,RateBook
1944,SearchScreeningEvent
1945,GetWeather
1946,RateBook
1947,PlayMusic
1948,GetWeather
1949,GetWeather
1950,GetWeather
1951,GetWeather
1952,RateBook
1953,GetWeather
1954,PlayMusic
1955,PlayMusic
1956,AddToPlaylist
1957,GetWeather
1958,PlayMusic
1959,PlayMusic
1960,AddToPlaylist
1961,SearchScreeningEvent
1962,GetWeather
1963,PlayMusic
1964,GetWeather
1965,RateBook
1966,GetWeather
1967,GetWeather
1968,BookRestaurant
1969,PlayMusic
1970,PlayMusic
1971,GetWeather
1972,PlayMusic
1973,GetWeather
1974,BookRestaurant
1975,GetWeather
1976,GetWeather
1977,PlayMusic
1978,GetWeather
1979,SearchScreeningEvent
1980,PlayMusic
1981,SearchScreeningEvent
1982,GetWeather
1983,AddToPlaylist
1984,GetWeather
1985,SearchScreeningEvent
1986,PlayMusic
1987,GetWeather
1988,PlayMusic
1989,AddToPlaylist
1990,SearchCreativeWork
1991,PlayMusic
1992,GetWeather
1993,SearchCreativeWork
1994,GetWeather
1995,SearchScreeningEvent
1996,PlayMusic
1997,RateBook
1998,PlayMusic
1999,PlayMusic
2000,RateBook
2001,AddToPlaylist
2002,PlayMusic
2003,PlayMusic
2004,PlayMusic
2005,GetWeather
2006,SearchScreeningEvent
2007,RateBook
2008,PlayMusic
2009,PlayMusic
2010,SearchScreeningEvent
2011,GetWeather
2012,RateBook
2013,PlayMusic
2014,PlayMusic
2015,GetWeather
2016,RateBook
2017,GetWeather
2018,GetWeather
2019,SearchCreativeWork
2020,SearchCreativeWork
2021,SearchCreativeWork
2022,AddToPlaylist
2023,PlayMusic
2024,PlayMusic
2025,PlayMusic
2026,GetWeather
2027,PlayMusic
2028,SearchCreativeWork
2029,SearchScreeningEvent
2030,RateBook
2031,RateBook
2032,PlayMusic
2033,RateBook
2034,SearchScreeningEvent
2035,GetWeather
2036,BookRestaurant
2037,GetWeather
2038,GetWeather
2039,PlayMusic
2040,PlayMusic
2041,RateBook
2042,GetWeather
2043,GetWeather
2044,PlayMusic
2045,GetWeather
2046,AddToPlaylist
2047,PlayMusic
2048,RateBook
2049,PlayMusic
2050,GetWeather
2051,RateBook
2052,PlayMusic
2053,BookRestaurant
2054,BookRestaurant
2055,GetWeather
2056,BookRestaurant
2057,RateBook
2058,GetWeather
2059,PlayMusic
2060,PlayMusic
2061,PlayMusic
2062,PlayMusic
2063,GetWeather
2064,BookRestaurant
2065,GetWeather
2066,GetWeather
2067,SearchScreeningEvent
2068,GetWeather
2069,PlayMusic
2070,PlayMusic
2071,GetWeather
2072,BookRestaurant
2073,SearchScreeningEvent
2074,PlayMusic
2075,SearchScreeningEvent
2076,PlayMusic
2077,SearchScreeningEvent
2078,GetWeather
2079,GetWeather
2080,GetWeather
2081,PlayMusic
2082,AddToPlaylist
2083,SearchCreativeWork
2084,PlayMusic
2085,GetWeather
2086,PlayMusic
2087,GetWeather
2088,GetWeather
2089,SearchCreativeWork
2090,SearchScreeningEvent
2091,BookRestaurant
2092,PlayMusic
2093,BookRestaurant
2094,GetWeather
2095,RateBook
2096,PlayMusic
2097,GetWeather
2098,BookRestaurant
2099,PlayMusic
2100,PlayMusic
2101,GetWeather
2102,BookRestaurant
2103,PlayMusic
2104,SearchCreativeWork
2105,GetWeather
2106,GetWeather
2107,RateBook
2108,GetWeather
2109,PlayMusic
2110,RateBook
2111,GetWeather
2112,GetWeather
2113,SearchCreativeWork
2114,PlayMusic
2115,GetWeather
2116,RateBook
2117,PlayMusic
2118,BookRestaurant
2119,RateBook
2120,GetWeather
2121,PlayMusic
2122,PlayMusic
2123,PlayMusic
2124,SearchScreeningEvent
2125,GetWeather
2126,SearchScreeningEvent
2127,GetWeather
2128,SearchScreeningEvent
2129,RateBook
2130,GetWeather
2131,RateBook
2132,BookRestaurant
2133,GetWeather
2134,GetWeather
2135,GetWeather
2136,RateBook
2137,GetWeather
2138,GetWeather
2139,GetWeather
2140,PlayMusic
2141,SearchScreeningEvent
2142,SearchScreeningEvent
2143,PlayMusic
2144,GetWeather
2145,GetWeather
2146,SearchScreeningEvent
2147,PlayMusic
2148,GetWeather
2149,GetWeather
2150,PlayMusic
2151,RateBook
2152,SearchScreeningEvent
2153,SearchCreativeWork
2154,GetWeather
2155,GetWeather
2156,PlayMusic
2157,GetWeather
2158,PlayMusic
2159,GetWeather
2160,RateBook
2161,PlayMusic
2162,PlayMusic
2163,BookRestaurant
2164,AddToPlaylist
2165,PlayMusic
2166,PlayMusic
2167,GetWeather
2168,PlayMusic
2169,RateBook
2170,GetWeather
2171,AddToPlaylist
2172,SearchScreeningEvent
2173,GetWeather
2174,SearchScreeningEvent
2175,GetWeather
2176,PlayMusic
2177,PlayMusic
2178,RateBook
2179,RateBook
2180,GetWeather
2181,RateBook
2182,GetWeather
2183,SearchCreativeWork
2184,PlayMusic
2185,SearchCreativeWork
2186,PlayMusic
2187,AddToPlaylist
2188,BookRestaurant
2189,SearchScreeningEvent
2190,PlayMusic
2191,AddToPlaylist
2192,GetWeather
2193,GetWeather
2194,GetWeather
2195,PlayMusic
2196,GetWeather
2197,PlayMusic
2198,GetWeather
2199,GetWeather
2200,PlayMusic
2201,SearchScreeningEvent
2202,GetWeather
2203,PlayMusic
2204,SearchScreeningEvent
2205,RateBook
2206,RateBook
2207,AddToPlaylist
2208,GetWeather
2209,GetWeather
2210,GetWeather
2211,PlayMusic
2212,RateBook
2213,BookRestaurant
2214,BookRestaurant
2215,RateBook
2216,PlayMusic
2217,GetWeather
2218,GetWeather
2219,PlayMusic
2220,GetWeather
2221,PlayMusic
2222,GetWeather
2223,GetWeather
2224,GetWeather
2225,GetWeather
2226,PlayMusic
2227,GetWeather
2228,PlayMusic
2229,SearchScreeningEvent
2230,GetWeather
2231,GetWeather
2232,SearchScreeningEvent
2233,PlayMusic
2234,PlayMusic
2235,GetWeather
2236,RateBook
2237,GetWeather
2238,BookRestaurant
2239,GetWeather
2240,BookRestaurant
2241,GetWeather
2242,SearchCreativeWork
2243,PlayMusic
2244,BookRestaurant
2245,BookRestaurant
2246,BookRestaurant
2247,SearchScreeningEvent
2248,SearchScreeningEvent
2249,SearchScreeningEvent
2250,BookRestaurant
2251,BookRestaurant
2252,BookRestaurant
2253,GetWeather
2254,SearchScreeningEvent
2255,PlayMusic
2256,GetWeather
2257,GetWeather
2258,SearchScreeningEvent
2259,SearchCreativeWork
2260,RateBook
2261,PlayMusic
2262,SearchCreativeWork
2263,GetWeather
2264,GetWeather
2265,GetWeather
2266,RateBook
2267,PlayMusic
2268,PlayMusic
2269,PlayMusic
2270,RateBook
2271,PlayMusic
2272,SearchCreativeWork
2273,GetWeather
2274,GetWeather
2275,SearchCreativeWork
2276,RateBook
2277,PlayMusic
2278,GetWeather
2279,SearchScreeningEvent
2280,BookRestaurant
2281,GetWeather
2282,GetWeather
2283,PlayMusic
2284,AddToPlaylist
2285,RateBook
2286,SearchCreativeWork
2287,PlayMusic
2288,GetWeather
2289,RateBook
2290,SearchCreativeWork
2291,PlayMusic
2292,GetWeather
2293,GetWeather
2294,PlayMusic
2295,PlayMusic
2296,PlayMusic
2297,GetWeather
2298,RateBook
2299,PlayMusic
2300,PlayMusic
2301,SearchCreativeWork
2302,AddToPlaylist
2303,SearchScreeningEvent
2304,RateBook
2305,RateBook
2306,GetWeather
2307,SearchCreativeWork
2308,SearchCreativeWork
2309,RateBook
2310,GetWeather
2311,PlayMusic
2312,BookRestaurant
2313,PlayMusic
2314,RateBook
2315,SearchCreativeWork
2316,RateBook
2317,PlayMusic
2318,GetWeather
2319,GetWeather
2320,PlayMusic
2321,PlayMusic
2322,RateBook
2323,PlayMusic
2324,SearchScreeningEvent
2325,GetWeather
2326,SearchCreativeWork
2327,GetWeather
2328,GetWeather
2329,RateBook
2330,SearchScreeningEvent
2331,SearchScreeningEvent
2332,GetWeather
2333,GetWeather
2334,SearchCreativeWork
2335,GetWeather
2336,GetWeather
2337,GetWeather
2338,SearchScreeningEvent
2339,GetWeather
2340,SearchScreeningEvent
2341,GetWeather
2342,GetWeather
2343,SearchScreeningEvent
2344,SearchCreativeWork
2345,SearchScreeningEvent
2346,BookRestaurant
2347,BookRestaurant
2348,RateBook
2349,RateBook
2350,PlayMusic
2351,GetWeather
2352,BookRestaurant
2353,GetWeather
2354,PlayMusic
2355,GetWeather
2356,GetWeather
2357,PlayMusic
2358,BookRestaurant
2359,GetWeather
2360,GetWeather
2361,GetWeather
2362,SearchCreativeWork
2363,PlayMusic
2364,GetWeather
2365,GetWeather
2366,PlayMusic
2367,RateBook
2368,SearchScreeningEvent
2369,SearchScreeningEvent
2370,GetWeather
2371,PlayMusic
2372,PlayMusic
2373,SearchScreeningEvent
2374,SearchScreeningEvent
2375,PlayMusic
2376,PlayMusic
2377,RateBook
2378,SearchScreeningEvent
2379,PlayMusic
2380,SearchCreativeWork
2381,GetWeather
2382,AddToPlaylist
2383,GetWeather
2384,PlayMusic
2385,SearchScreeningEvent
2386,RateBook
2387,PlayMusic
2388,PlayMusic
2389,GetWeather
2390,GetWeather
2391,PlayMusic
2392,PlayMusic
2393,PlayMusic
2394,SearchScreeningEvent
2395,PlayMusic
2396,SearchScreeningEvent
2397,GetWeather
2398,SearchScreeningEvent
2399,GetWeather
2400,GetWeather
2401,PlayMusic
2402,GetWeather
2403,RateBook
2404,RateBook
2405,RateBook
2406,SearchCreativeWork
2407,SearchCreativeWork
2408,GetWeather
2409,GetWeather
2410,GetWeather
2411,PlayMusic
2412,GetWeather
2413,GetWeather
2414,SearchCreativeWork
2415,PlayMusic
2416,GetWeather
2417,PlayMusic
2418,GetWeather
2419,RateBook
2420,SearchScreeningEvent
2421,RateBook
2422,RateBook
2423,SearchScreeningEvent
2424,GetWeather
2425,PlayMusic
2426,PlayMusic
2427,GetWeather
2428,GetWeather
2429,SearchScreeningEvent
2430,SearchScreeningEvent
2431,GetWeather
2432,AddToPlaylist
2433,GetWeather
2434,GetWeather
2435,PlayMusic
2436,RateBook
2437,RateBook
2438,GetWeather
2439,BookRestaurant
2440,GetWeather
2441,RateBook
2442,PlayMusic
2443,GetWeather
2444,SearchScreeningEvent
2445,GetWeather
2446,SearchScreeningEvent
2447,GetWeather
2448,GetWeather
2449,PlayMusic
2450,RateBook
2451,GetWeather
2452,PlayMusic
2453,PlayMusic
2454,PlayMusic
2455,GetWeather
2456,SearchCreativeWork
2457,SearchScreeningEvent
2458,PlayMusic
2459,GetWeather
2460,AddToPlaylist
2461,GetWeather
2462,SearchScreeningEvent
2463,AddToPlaylist
2464,PlayMusic
2465,RateBook
2466,PlayMusic
2467,PlayMusic
2468,PlayMusic
2469,SearchScreeningEvent
2470,GetWeather
2471,RateBook
2472,SearchScreeningEvent
2473,PlayMusic
2474,SearchScreeningEvent
2475,BookRestaurant
2476,GetWeather
2477,PlayMusic
2478,RateBook
2479,PlayMusic
2480,GetWeather
2481,PlayMusic
2482,GetWeather
2483,BookRestaurant
2484,SearchCreativeWork
2485,SearchScreeningEvent
2486,PlayMusic
2487,GetWeather
2488,GetWeather
2489,PlayMusic
2490,SearchCreativeWork
2491,BookRestaurant
2492,PlayMusic
2493,PlayMusic
2494,PlayMusic
2495,PlayMusic
2496,PlayMusic
2497,SearchCreativeWork
2498,GetWeather
2499,RateBook
2500,PlayMusic
2501,GetWeather
2502,RateBook
2503,PlayMusic
2504,PlayMusic
2505,SearchScreeningEvent
2506,GetWeather
2507,RateBook
2508,GetWeather
2509,GetWeather
2510,RateBook
2511,SearchScreeningEvent
2512,BookRestaurant
2513,GetWeather
2514,GetWeather
2515,GetWeather
2516,SearchScreeningEvent
2517,GetWeather
2518,SearchScreeningEvent
2519,PlayMusic
2520,RateBook
2521,GetWeather
2522,GetWeather
2523,AddToPlaylist
2524,AddToPlaylist
2525,PlayMusic
2526,GetWeather
2527,GetWeather
2528,GetWeather
2529,PlayMusic
2530,PlayMusic
2531,GetWeather
2532,RateBook
2533,BookRestaurant
2534,PlayMusic
2535,PlayMusic
2536,BookRestaurant
2537,PlayMusic
2538,SearchScreeningEvent
2539,GetWeather
2540,PlayMusic
2541,GetWeather
2542,GetWeather
2543,PlayMusic
2544,PlayMusic
2545,PlayMusic
2546,PlayMusic
2547,PlayMusic
2548,GetWeather
2549,GetWeather
2550,PlayMusic
2551,RateBook
2552,GetWeather
2553,RateBook
2554,PlayMusic
2555,SearchCreativeWork
2556,PlayMusic
2557,GetWeather
2558,SearchCreativeWork
2559,GetWeather
2560,RateBook
2561,PlayMusic
2562,RateBook
2563,AddToPlaylist
2564,GetWeather
2565,PlayMusic
2566,BookRestaurant
2567,PlayMusic
2568,RateBook
2569,SearchScreeningEvent
2570,SearchCreativeWork
2571,SearchScreeningEvent
2572,AddToPlaylist
2573,BookRestaurant
2574,PlayMusic
2575,PlayMusic
2576,GetWeather
2577,PlayMusic
2578,RateBook
2579,SearchCreativeWork
2580,SearchScreeningEvent
2581,PlayMusic
2582,GetWeather
2583,PlayMusic
2584,SearchCreativeWork
2585,PlayMusic
2586,PlayMusic
2587,PlayMusic
2588,PlayMusic
2589,AddToPlaylist
2590,RateBook
2591,AddToPlaylist
2592,GetWeather
2593,GetWeather
2594,AddToPlaylist
2595,AddToPlaylist
2596,AddToPlaylist
2597,RateBook
2598,GetWeather
2599,RateBook
2600,GetWeather
2601,SearchScreeningEvent
2602,PlayMusic
2603,SearchScreeningEvent
2604,PlayMusic
2605,RateBook
2606,AddToPlaylist
2607,PlayMusic
2608,GetWeather
2609,PlayMusic
2610,PlayMusic
2611,SearchCreativeWork
2612,PlayMusic
2613,RateBook
2614,GetWeather
2615,SearchScreeningEvent
2616,GetWeather
2617,GetWeather
2618,GetWeather
2619,GetWeather
2620,SearchScreeningEvent
2621,RateBook
2622,SearchScreeningEvent
2623,BookRestaurant
2624,GetWeather
2625,PlayMusic
2626,SearchScreeningEvent
2627,PlayMusic
2628,BookRestaurant
2629,SearchScreeningEvent
2630,BookRestaurant
2631,GetWeather
2632,SearchScreeningEvent
2633,GetWeather
2634,RateBook
2635,GetWeather
2636,GetWeather
2637,GetWeather
2638,GetWeather
2639,PlayMusic
2640,GetWeather
2641,RateBook
2642,GetWeather
2643,GetWeather
2644,GetWeather
2645,RateBook
2646,GetWeather
2647,RateBook
2648,SearchScreeningEvent
2649,PlayMusic
2650,PlayMusic
2651,SearchScreeningEvent
2652,GetWeather
2653,GetWeather
2654,GetWeather
2655,SearchScreeningEvent
2656,RateBook
2657,GetWeather
2658,GetWeather
2659,PlayMusic
2660,GetWeather
2661,GetWeather
2662,RateBook
2663,SearchScreeningEvent
2664,GetWeather
2665,GetWeather
2666,GetWeather
2667,PlayMusic
2668,GetWeather
2669,PlayMusic
2670,GetWeather
2671,SearchCreativeWork
2672,PlayMusic
2673,PlayMusic
2674,PlayMusic
2675,GetWeather
2676,GetWeather
2677,PlayMusic
2678,GetWeather
2679,SearchScreeningEvent
2680,GetWeather
2681,GetWeather
2682,PlayMusic
2683,GetWeather
2684,BookRestaurant
2685,GetWeather
2686,PlayMusic
2687,GetWeather
2688,RateBook
2689,SearchCreativeWork
2690,PlayMusic
2691,BookRestaurant
2692,RateBook
2693,SearchCreativeWork
2694,GetWeather
2695,SearchCreativeWork
2696,GetWeather
2697,SearchCreativeWork
2698,PlayMusic
2699,AddToPlaylist
2700,GetWeather
2701,GetWeather
2702,AddToPlaylist
2703,SearchCreativeWork
2704,GetWeather
2705,GetWeather
2706,PlayMusic
2707,PlayMusic
2708,RateBook
2709,GetWeather
2710,GetWeather
2711,GetWeather
2712,GetWeather
2713,PlayMusic
2714,GetWeather
2715,GetWeather
2716,AddToPlaylist
2717,PlayMusic
2718,PlayMusic
2719,SearchScreeningEvent
2720,SearchCreativeWork
2721,PlayMusic
2722,RateBook
2723,PlayMusic
2724,RateBook
2725,SearchScreeningEvent
2726,SearchScreeningEvent
2727,BookRestaurant
2728,BookRestaurant
2729,RateBook
2730,RateBook
2731,PlayMusic
2732,GetWeather
2733,SearchScreeningEvent
2734,PlayMusic
2735,RateBook
2736,GetWeather
2737,GetWeather
2738,SearchScreeningEvent
2739,PlayMusic
2740,BookRestaurant
2741,GetWeather
2742,PlayMusic
2743,PlayMusic
2744,PlayMusic
2745,BookRestaurant
2746,GetWeather
2747,PlayMusic
2748,GetWeather
2749,GetWeather
2750,GetWeather
2751,SearchCreativeWork
2752,GetWeather
2753,PlayMusic
2754,PlayMusic
2755,PlayMusic
2756,RateBook
2757,SearchScreeningEvent
2758,BookRestaurant
2759,PlayMusic
2760,SearchCreativeWork
2761,SearchCreativeWork
2762,PlayMusic
2763,GetWeather
2764,SearchCreativeWork
2765,PlayMusic
2766,BookRestaurant
2767,GetWeather
2768,SearchCreativeWork
2769,SearchScreeningEvent
2770,AddToPlaylist
2771,GetWeather
2772,AddToPlaylist
2773,GetWeather
2774,SearchScreeningEvent
2775,GetWeather
2776,RateBook
2777,PlayMusic
2778,GetWeather
2779,SearchCreativeWork
2780,BookRestaurant
2781,SearchScreeningEvent
2782,PlayMusic
2783,GetWeather
2784,RateBook
2785,GetWeather
2786,SearchCreativeWork
2787,SearchScreeningEvent
2788,SearchScreeningEvent
2789,SearchScreeningEvent
2790,AddToPlaylist
2791,PlayMusic
2792,GetWeather
2793,PlayMusic
2794,PlayMusic
2795,GetWeather
2796,PlayMusic
2797,PlayMusic
2798,GetWeather
2799,GetWeather
2800,SearchScreeningEvent
2801,SearchScreeningEvent
2802,GetWeather
2803,RateBook
2804,PlayMusic
2805,GetWeather
2806,PlayMusic
2807,PlayMusic
2808,BookRestaurant
2809,PlayMusic
2810,SearchScreeningEvent
2811,PlayMusic
2812,SearchCreativeWork
2813,GetWeather
2814,GetWeather
2815,PlayMusic
2816,GetWeather
2817,PlayMusic
2818,GetWeather
2819,GetWeather
2820,PlayMusic
2821,GetWeather
2822,GetWeather
2823,PlayMusic
2824,PlayMusic
2825,GetWeather
2826,GetWeather
2827,PlayMusic
2828,GetWeather
2829,GetWeather
2830,PlayMusic
2831,AddToPlaylist
2832,GetWeather
2833,GetWeather
2834,PlayMusic
2835,GetWeather
2836,SearchScreeningEvent
2837,GetWeather
2838,BookRestaurant
2839,BookRestaurant
2840,PlayMusic
2841,PlayMusic
2842,PlayMusic
2843,PlayMusic
2844,GetWeather
2845,SearchCreativeWork
2846,PlayMusic
2847,PlayMusic
2848,PlayMusic
2849,GetWeather
2850,RateBook
2851,SearchScreeningEvent
2852,SearchCreativeWork
2853,GetWeather
2854,PlayMusic
2855,BookRestaurant
2856,GetWeather
2857,PlayMusic
2858,BookRestaurant
2859,RateBook
2860,AddToPlaylist
2861,SearchScreeningEvent
2862,PlayMusic
2863,RateBook
2864,GetWeather
2865,PlayMusic
2866,PlayMusic
2867,AddToPlaylist
2868,PlayMusic
2869,GetWeather
2870,PlayMusic
2871,PlayMusic
2872,PlayMusic
2873,BookRestaurant
2874,PlayMusic
2875,BookRestaurant
2876,AddToPlaylist
2877,GetWeather
2878,SearchCreativeWork
2879,PlayMusic
2880,PlayMusic
2881,BookRestaurant
2882,GetWeather
2883,PlayMusic
2884,PlayMusic
2885,BookRestaurant
2886,SearchCreativeWork
2887,GetWeather
2888,AddToPlaylist
2889,PlayMusic
2890,AddToPlaylist
2891,GetWeather
2892,PlayMusic
2893,GetWeather
2894,GetWeather
2895,SearchScreeningEvent
2896,GetWeather
2897,PlayMusic
2898,GetWeather
2899,GetWeather
2900,GetWeather
2901,SearchScreeningEvent
2902,AddToPlaylist
2903,PlayMusic
2904,RateBook
2905,GetWeather
2906,SearchScreeningEvent
2907,SearchCreativeWork
2908,RateBook
2909,GetWeather
2910,RateBook
2911,GetWeather
2912,PlayMusic
2913,GetWeather
2914,SearchCreativeWork
2915,PlayMusic
2916,GetWeather
2917,AddToPlaylist
2918,PlayMusic
2919,PlayMusic
2920,GetWeather
2921,GetWeather
2922,SearchScreeningEvent
2923,RateBook
2924,SearchScreeningEvent
2925,PlayMusic
2926,RateBook
2927,GetWeather
2928,GetWeather
2929,PlayMusic
2930,SearchCreativeWork
2931,GetWeather
2932,GetWeather
2933,GetWeather
2934,PlayMusic
2935,SearchScreeningEvent
2936,RateBook
2937,SearchScreeningEvent
2938,AddToPlaylist
2939,GetWeather
2940,PlayMusic
2941,PlayMusic
2942,PlayMusic
2943,PlayMusic
2944,PlayMusic
2945,GetWeather
2946,SearchScreeningEvent
2947,SearchCreativeWork
2948,GetWeather
2949,GetWeather
2950,GetWeather
2951,GetWeather
2952,RateBook
2953,GetWeather
2954,PlayMusic
2955,RateBook
2956,GetWeather
2957,BookRestaurant
2958,PlayMusic
2959,GetWeather
2960,RateBook
2961,SearchCreativeWork
2962,BookRestaurant
2963,GetWeather
2964,PlayMusic
2965,PlayMusic
2966,SearchScreeningEvent
2967,PlayMusic
2968,GetWeather
2969,GetWeather
2970,SearchCreativeWork
2971,GetWeather
2972,GetWeather
2973,SearchScreeningEvent
2974,SearchCreativeWork
2975,GetWeather
2976,GetWeather
2977,SearchScreeningEvent
2978,GetWeather
2979,SearchCreativeWork
2980,RateBook
2981,GetWeather
2982,BookRestaurant
2983,GetWeather
2984,SearchScreeningEvent
2985,GetWeather
2986,SearchScreeningEvent
2987,PlayMusic
2988,PlayMusic
2989,AddToPlaylist
2990,PlayMusic
2991,GetWeather
2992,GetWeather
2993,AddToPlaylist
2994,PlayMusic
2995,BookRestaurant
2996,GetWeather
2997,GetWeather
2998,SearchCreativeWork
2999,BookRestaurant
3000,PlayMusic
3001,RateBook
3002,PlayMusic
3003,SearchScreeningEvent
3004,GetWeather
3005,GetWeather
3006,PlayMusic
3007,SearchCreativeWork
3008,GetWeather
3009,PlayMusic
3010,GetWeather
3011,GetWeather
3012,GetWeather
3013,RateBook
3014,PlayMusic
3015,PlayMusic
3016,RateBook
3017,GetWeather
3018,GetWeather
3019,PlayMusic
3020,SearchScreeningEvent
3021,GetWeather
3022,GetWeather
3023,GetWeather
3024,SearchCreativeWork
3025,PlayMusic
3026,GetWeather
3027,PlayMusic
3028,PlayMusic
3029,PlayMusic
3030,GetWeather
3031,SearchScreeningEvent
3032,BookRestaurant
3033,RateBook
3034,SearchScreeningEvent
3035,GetWeather
3036,GetWeather
3037,PlayMusic
3038,BookRestaurant
3039,GetWeather
3040,PlayMusic
3041,GetWeather
3042,SearchScreeningEvent
3043,GetWeather
3044,SearchScreeningEvent
3045,AddToPlaylist
3046,PlayMusic
3047,GetWeather
3048,PlayMusic
3049,AddToPlaylist
3050,RateBook
3051,PlayMusic
3052,GetWeather
3053,SearchScreeningEvent
3054,RateBook
3055,PlayMusic
3056,SearchCreativeWork
3057,PlayMusic
3058,SearchCreativeWork
3059,BookRestaurant
3060,PlayMusic
3061,PlayMusic
3062,RateBook
3063,PlayMusic
3064,PlayMusic
3065,GetWeather
3066,PlayMusic
3067,GetWeather
3068,GetWeather
3069,GetWeather
3070,RateBook
3071,GetWeather
3072,RateBook
3073,RateBook
3074,RateBook
3075,PlayMusic
3076,GetWeather
3077,SearchScreeningEvent
3078,PlayMusic
3079,GetWeather
3080,GetWeather
3081,PlayMusic
3082,GetWeather
3083,GetWeather
3084,GetWeather
3085,GetWeather
3086,GetWeather
3087,RateBook
3088,GetWeather
3089,GetWeather
3090,BookRestaurant
3091,AddToPlaylist
3092,GetWeather
3093,GetWeather
3094,GetWeather
3095,SearchScreeningEvent
3096,BookRestaurant
3097,AddToPlaylist
3098,PlayMusic
3099,SearchCreativeWork
3100,PlayMusic
3101,SearchCreativeWork
3102,GetWeather
3103,SearchScreeningEvent
3104,SearchCreativeWork
3105,RateBook
3106,SearchScreeningEvent
3107,RateBook
3108,SearchScreeningEvent
3109,GetWeather
3110,SearchScreeningEvent
3111,SearchCreativeWork
3112,PlayMusic
3113,GetWeather
3114,GetWeather
3115,SearchScreeningEvent
3116,RateBook
3117,GetWeather
3118,GetWeather
3119,PlayMusic
3120,BookRestaurant
3121,PlayMusic
3122,PlayMusic
3123,BookRestaurant
3124,GetWeather
3125,PlayMusic
3126,SearchScreeningEvent
3127,GetWeather
3128,PlayMusic
3129,SearchCreativeWork
3130,RateBook
3131,SearchScreeningEvent
3132,PlayMusic
3133,PlayMusic
3134,SearchScreeningEvent
3135,SearchScreeningEvent
3136,PlayMusic
3137,RateBook
3138,PlayMusic
3139,RateBook
3140,SearchCreativeWork
3141,BookRestaurant
3142,AddToPlaylist
3143,RateBook
3144,SearchScreeningEvent
3145,GetWeather
3146,PlayMusic
3147,GetWeather
3148,GetWeather
3149,BookRestaurant
3150,GetWeather
3151,PlayMusic
3152,PlayMusic
3153,GetWeather
3154,SearchScreeningEvent
3155,GetWeather
3156,GetWeather
3157,GetWeather
3158,PlayMusic
3159,PlayMusic
3160,AddToPlaylist
3161,GetWeather
3162,BookRestaurant
3163,SearchScreeningEvent
3164,GetWeather
3165,PlayMusic
3166,GetWeather
3167,AddToPlaylist
3168,PlayMusic
3169,GetWeather
3170,AddToPlaylist
3171,GetWeather
3172,PlayMusic
3173,PlayMusic
3174,GetWeather
3175,SearchCreativeWork
3176,SearchScreeningEvent
3177,BookRestaurant
3178,GetWeather
3179,SearchScreeningEvent
3180,GetWeather
3181,GetWeather
3182,BookRestaurant
3183,SearchCreativeWork
3184,GetWeather
3185,RateBook
3186,GetWeather
3187,PlayMusic
3188,RateBook
3189,SearchCreativeWork
3190,PlayMusic
3191,AddToPlaylist
3192,SearchScreeningEvent
3193,GetWeather
3194,GetWeather
3195,GetWeather
3196,RateBook
3197,GetWeather
3198,BookRestaurant
3199,RateBook
3200,GetWeather
3201,SearchCreativeWork
3202,AddToPlaylist
3203,PlayMusic
3204,GetWeather
3205,BookRestaurant
3206,GetWeather
3207,RateBook
3208,PlayMusic
3209,PlayMusic
3210,SearchCreativeWork
3211,SearchScreeningEvent
3212,BookRestaurant
3213,SearchScreeningEvent
3214,GetWeather
3215,GetWeather
3216,PlayMusic
3217,GetWeather
3218,GetWeather
3219,PlayMusic
3220,GetWeather
3221,GetWeather
3222,BookRestaurant
3223,SearchCreativeWork
3224,AddToPlaylist
3225,PlayMusic
3226,PlayMusic
3227,PlayMusic
3228,RateBook
3229,GetWeather
3230,PlayMusic
3231,GetWeather
3232,PlayMusic
3233,SearchScreeningEvent
3234,BookRestaurant
3235,SearchScreeningEvent
3236,GetWeather
3237,PlayMusic
3238,GetWeather
3239,SearchCreativeWork
3240,RateBook
3241,AddToPlaylist
3242,AddToPlaylist
3243,PlayMusic
3244,GetWeather
3245,GetWeather
3246,SearchCreativeWork
3247,GetWeather
3248,SearchScreeningEvent
3249,PlayMusic
3250,SearchCreativeWork
3251,RateBook
3252,GetWeather
3253,BookRestaurant
3254,GetWeather
3255,SearchCreativeWork
3256,RateBook
3257,PlayMusic
3258,RateBook
3259,GetWeather
3260,AddToPlaylist
3261,GetWeather
3262,BookRestaurant
3263,RateBook
3264,GetWeather
3265,PlayMusic
3266,BookRestaurant
3267,RateBook
3268,BookRestaurant
3269,GetWeather
3270,GetWeather
3271,GetWeather
3272,GetWeather
3273,PlayMusic
3274,GetWeather
3275,GetWeather
3276,SearchScreeningEvent
3277,PlayMusic
3278,GetWeather
3279,PlayMusic
3280,GetWeather
3281,PlayMusic
3282,PlayMusic
3283,GetWeather
3284,RateBook
3285,PlayMusic
3286,GetWeather
3287,SearchScreeningEvent
3288,AddToPlaylist
3289,SearchScreeningEvent
3290,PlayMusic
3291,RateBook
3292,AddToPlaylist
3293,PlayMusic
3294,PlayMusic
3295,GetWeather
3296,SearchScreeningEvent
3297,PlayMusic
3298,AddToPlaylist
3299,RateBook
3300,PlayMusic
3301,PlayMusic
3302,BookRestaurant
3303,GetWeather
3304,BookRestaurant
3305,GetWeather
3306,PlayMusic
3307,GetWeather
3308,GetWeather
3309,RateBook
3310,BookRestaurant
3311,GetWeather
3312,SearchScreeningEvent
3313,GetWeather
3314,SearchScreeningEvent
3315,SearchScreeningEvent
3316,RateBook
3317,GetWeather
3318,RateBook
3319,RateBook
3320,GetWeather
3321,GetWeather
3322,PlayMusic
3323,RateBook
3324,GetWeather
3325,PlayMusic
3326,PlayMusic
3327,RateBook
3328,RateBook
3329,GetWeather
3330,PlayMusic
3331,GetWeather
3332,GetWeather
3333,GetWeather
3334,GetWeather
3335,AddToPlaylist
3336,GetWeather
3337,RateBook
3338,PlayMusic
3339,SearchScreeningEvent
3340,GetWeather
3341,PlayMusic
3342,GetWeather
3343,BookRestaurant
3344,GetWeather
3345,RateBook
3346,GetWeather
3347,AddToPlaylist
3348,GetWeather
3349,RateBook
3350,BookRestaurant
3351,GetWeather
3352,PlayMusic
3353,SearchCreativeWork
3354,SearchScreeningEvent
3355,PlayMusic
3356,RateBook
3357,AddToPlaylist
3358,SearchScreeningEvent
3359,BookRestaurant
3360,SearchCreativeWork
3361,SearchScreeningEvent
3362,RateBook
3363,RateBook
3364,PlayMusic
3365,RateBook
3366,PlayMusic
3367,PlayMusic
3368,PlayMusic
3369,GetWeather
3370,GetWeather
3371,RateBook
3372,GetWeather
3373,GetWeather
3374,GetWeather
3375,RateBook
3376,PlayMusic
3377,SearchCreativeWork
3378,SearchScreeningEvent
3379,GetWeather
3380,BookRestaurant
3381,RateBook
3382,GetWeather
3383,SearchCreativeWork
3384,PlayMusic
3385,PlayMusic
3386,PlayMusic
3387,PlayMusic
3388,GetWeather
3389,PlayMusic
3390,GetWeather
3391,GetWeather
3392,PlayMusic
3393,RateBook
3394,GetWeather
3395,GetWeather
3396,SearchScreeningEvent
3397,PlayMusic
3398,GetWeather
3399,GetWeather
3400,PlayMusic
3401,SearchScreeningEvent
3402,RateBook
3403,PlayMusic
3404,GetWeather
3405,PlayMusic
3406,PlayMusic
3407,SearchCreativeWork
3408,AddToPlaylist
3409,PlayMusic
3410,SearchCreativeWork
3411,SearchCreativeWork
3412,PlayMusic
3413,PlayMusic
3414,GetWeather
3415,GetWeather
3416,GetWeather
3417,GetWeather
3418,GetWeather
3419,BookRestaurant
3420,GetWeather
3421,GetWeather
3422,GetWeather
3423,GetWeather
3424,RateBook
3425,PlayMusic
3426,GetWeather
3427,GetWeather
3428,GetWeather
3429,SearchScreeningEvent
3430,RateBook
3431,PlayMusic
3432,GetWeather
3433,PlayMusic
3434,GetWeather
3435,GetWeather
3436,PlayMusic
3437,PlayMusic
3438,PlayMusic
3439,PlayMusic
3440,PlayMusic
3441,GetWeather
3442,SearchScreeningEvent
3443,AddToPlaylist
3444,GetWeather
3445,PlayMusic
3446,GetWeather
3447,GetWeather
3448,SearchScreeningEvent
3449,SearchScreeningEvent
3450,SearchCreativeWork
3451,PlayMusic
3452,RateBook
3453,BookRestaurant
3454,RateBook
3455,GetWeather
3456,GetWeather
3457,GetWeather
3458,PlayMusic
3459,GetWeather
3460,PlayMusic
3461,PlayMusic
3462,GetWeather
3463,PlayMusic
3464,RateBook
3465,PlayMusic
3466,SearchCreativeWork
3467,BookRestaurant
3468,SearchScreeningEvent
3469,GetWeather
3470,GetWeather
3471,PlayMusic
3472,PlayMusic
3473,PlayMusic
3474,BookRestaurant
3475,RateBook
3476,AddToPlaylist
3477,PlayMusic
3478,GetWeather
3479,SearchScreeningEvent
3480,PlayMusic
3481,GetWeather
3482,RateBook
3483,RateBook
3484,GetWeather
3485,SearchScreeningEvent
3486,SearchScreeningEvent
3487,PlayMusic
3488,PlayMusic
3489,PlayMusic
3490,PlayMusic
3491,GetWeather
3492,RateBook
3493,GetWeather
3494,PlayMusic
3495,SearchScreeningEvent
3496,RateBook
3497,GetWeather
3498,GetWeather
3499,PlayMusic
3500,AddToPlaylist
3501,PlayMusic
3502,GetWeather
3503,BookRestaurant
3504,RateBook
3505,PlayMusic
3506,GetWeather
3507,PlayMusic
3508,RateBook
3509,PlayMusic
3510,GetWeather
3511,GetWeather
3512,GetWeather
3513,GetWeather
3514,GetWeather
3515,RateBook
3516,GetWeather
3517,GetWeather
3518,GetWeather
3519,AddToPlaylist
3520,RateBook
3521,PlayMusic
3522,BookRestaurant
3523,PlayMusic
3524,GetWeather
3525,GetWeather
3526,SearchCreativeWork
3527,SearchCreativeWork
3528,SearchScreeningEvent
3529,RateBook
3530,GetWeather
3531,RateBook
3532,GetWeather
3533,SearchCreativeWork
3534,BookRestaurant
3535,SearchScreeningEvent
3536,PlayMusic
3537,PlayMusic
3538,GetWeather
3539,GetWeather
3540,GetWeather
3541,RateBook
3542,RateBook
3543,GetWeather
3544,SearchScreeningEvent
3545,PlayMusic
3546,SearchScreeningEvent
3547,SearchCreativeWork
3548,RateBook
3549,RateBook
3550,AddToPlaylist
3551,GetWeather
3552,PlayMusic
3553,RateBook
3554,SearchCreativeWork
3555,RateBook
3556,GetWeather
3557,SearchScreeningEvent
3558,RateBook
3559,RateBook
3560,PlayMusic
3561,BookRestaurant
3562,RateBook
3563,BookRestaurant
3564,GetWeather
3565,PlayMusic
3566,BookRestaurant
3567,RateBook
3568,GetWeather
3569,AddToPlaylist
3570,PlayMusic
3571,GetWeather
3572,SearchCreativeWork
3573,PlayMusic
3574,PlayMusic
3575,GetWeather
3576,SearchScreeningEvent
3577,AddToPlaylist
3578,GetWeather
3579,PlayMusic
3580,PlayMusic
3581,PlayMusic
3582,GetWeather
3583,PlayMusic
3584,PlayMusic
3585,GetWeather
3586,PlayMusic
3587,PlayMusic
3588,RateBook
3589,BookRestaurant
3590,SearchCreativeWork
3591,PlayMusic
3592,PlayMusic
3593,GetWeather
3594,GetWeather
3595,RateBook
3596,PlayMusic
3597,RateBook
3598,PlayMusic
3599,RateBook
3600,PlayMusic
3601,GetWeather
3602,PlayMusic
3603,AddToPlaylist
3604,PlayMusic
3605,PlayMusic
3606,GetWeather
3607,BookRestaurant
3608,SearchCreativeWork
3609,PlayMusic
3610,GetWeather
3611,PlayMusic
3612,BookRestaurant
3613,SearchCreativeWork
3614,SearchCreativeWork
3615,PlayMusic
3616,SearchCreativeWork
3617,RateBook
3618,GetWeather
3619,AddToPlaylist
3620,PlayMusic
3621,GetWeather
3622,RateBook
3623,PlayMusic
3624,PlayMusic
3625,PlayMusic
3626,SearchCreativeWork
3627,PlayMusic
3628,RateBook
3629,SearchScreeningEvent
3630,GetWeather
3631,RateBook
3632,BookRestaurant
3633,SearchScreeningEvent
3634,GetWeather
3635,SearchCreativeWork
3636,GetWeather
3637,SearchCreativeWork
3638,PlayMusic
3639,RateBook
3640,SearchCreativeWork
3641,BookRestaurant
3642,SearchCreativeWork
3643,SearchScreeningEvent
3644,PlayMusic
3645,SearchScreeningEvent
3646,GetWeather
3647,PlayMusic
3648,GetWeather
3649,PlayMusic
3650,RateBook
3651,RateBook
3652,GetWeather
3653,SearchCreativeWork
3654,AddToPlaylist
3655,GetWeather
3656,GetWeather
3657,BookRestaurant
3658,BookRestaurant
3659,SearchScreeningEvent
3660,GetWeather
3661,RateBook
3662,GetWeather
3663,PlayMusic
3664,PlayMusic
3665,SearchCreativeWork
3666,GetWeather
3667,SearchScreeningEvent
3668,GetWeather
3669,PlayMusic
3670,BookRestaurant
3671,GetWeather
3672,PlayMusic
3673,GetWeather
3674,GetWeather
3675,GetWeather
3676,GetWeather
3677,GetWeather
3678,SearchCreativeWork
3679,SearchScreeningEvent
3680,GetWeather
3681,AddToPlaylist
3682,GetWeather
3683,PlayMusic
3684,AddToPlaylist
3685,BookRestaurant
3686,BookRestaurant
3687,PlayMusic
3688,BookRestaurant
3689,RateBook
3690,GetWeather
3691,RateBook
3692,GetWeather
3693,SearchScreeningEvent
3694,PlayMusic
3695,GetWeather
3696,GetWeather
3697,GetWeather
3698,PlayMusic
3699,PlayMusic
3700,PlayMusic
3701,GetWeather
3702,AddToPlaylist
3703,BookRestaurant
3704,SearchScreeningEvent
3705,BookRestaurant
3706,GetWeather
3707,SearchCreativeWork
3708,GetWeather
3709,RateBook
3710,GetWeather
3711,PlayMusic
3712,GetWeather
3713,AddToPlaylist
3714,BookRestaurant
3715,RateBook
3716,PlayMusic
3717,GetWeather
3718,GetWeather
3719,PlayMusic
3720,BookRestaurant
3721,BookRestaurant
3722,RateBook
3723,GetWeather
3724,BookRestaurant
3725,PlayMusic
3726,SearchCreativeWork
3727,RateBook
3728,PlayMusic
3729,GetWeather
3730,AddToPlaylist
3731,SearchCreativeWork
3732,SearchCreativeWork
3733,GetWeather
3734,PlayMusic
3735,AddToPlaylist
3736,GetWeather
3737,GetWeather
3738,PlayMusic
3739,BookRestaurant
3740,GetWeather
3741,BookRestaurant
3742,PlayMusic
3743,SearchScreeningEvent
3744,AddToPlaylist
3745,GetWeather
3746,GetWeather
3747,SearchScreeningEvent
3748,GetWeather
3749,PlayMusic
3750,SearchScreeningEvent
3751,PlayMusic
3752,PlayMusic
3753,GetWeather
3754,SearchCreativeWork
3755,GetWeather
3756,GetWeather
3757,GetWeather
3758,AddToPlaylist
3759,PlayMusic
3760,BookRestaurant
3761,GetWeather
3762,BookRestaurant
3763,SearchCreativeWork
3764,GetWeather
3765,AddToPlaylist
3766,PlayMusic
3767,PlayMusic
3768,PlayMusic
3769,GetWeather
3770,SearchScreeningEvent
3771,SearchScreeningEvent
3772,PlayMusic
3773,RateBook
3774,GetWeather
3775,GetWeather
3776,AddToPlaylist
3777,GetWeather
3778,PlayMusic
3779,RateBook
3780,GetWeather
3781,SearchCreativeWork
3782,SearchCreativeWork
3783,PlayMusic
3784,SearchScreeningEvent
3785,SearchScreeningEvent
3786,AddToPlaylist
3787,GetWeather
3788,GetWeather
3789,SearchCreativeWork
3790,GetWeather
3791,PlayMusic
3792,GetWeather
3793,PlayMusic
3794,RateBook
3795,SearchScreeningEvent
3796,PlayMusic
3797,SearchScreeningEvent
3798,GetWeather
3799,GetWeather
3800,GetWeather
3801,GetWeather
3802,PlayMusic
3803,PlayMusic
3804,RateBook
3805,BookRestaurant
3806,GetWeather
3807,GetWeather
3808,GetWeather
3809,SearchScreeningEvent
3810,GetWeather
3811,BookRestaurant
3812,PlayMusic
3813,RateBook
3814,GetWeather
3815,BookRestaurant
3816,GetWeather
3817,SearchCreativeWork
3818,PlayMusic
3819,GetWeather
3820,GetWeather
3821,GetWeather
3822,PlayMusic
3823,RateBook
3824,GetWeather
3825,PlayMusic
3826,PlayMusic
3827,RateBook
3828,PlayMusic
3829,AddToPlaylist
3830,BookRestaurant
3831,SearchCreativeWork
3832,BookRestaurant
3833,RateBook
3834,SearchScreeningEvent
3835,GetWeather
3836,PlayMusic
3837,PlayMusic
3838,SearchScreeningEvent
3839,SearchCreativeWork
3840,GetWeather
3841,GetWeather
3842,GetWeather
3843,GetWeather
3844,GetWeather
3845,SearchCreativeWork
3846,SearchScreeningEvent
3847,SearchCreativeWork
3848,SearchScreeningEvent
3849,BookRestaurant
3850,PlayMusic
3851,PlayMusic
3852,AddToPlaylist
3853,GetWeather
3854,BookRestaurant
3855,PlayMusic
3856,PlayMusic
3857,SearchScreeningEvent
3858,GetWeather
3859,AddToPlaylist
3860,GetWeather
3861,SearchScreeningEvent
3862,GetWeather
3863,GetWeather
3864,PlayMusic
3865,RateBook
3866,AddToPlaylist
3867,BookRestaurant
3868,GetWeather
3869,GetWeather
3870,PlayMusic
3871,AddToPlaylist
3872,BookRestaurant
3873,GetWeather
3874,GetWeather
3875,GetWeather
3876,GetWeather
3877,BookRestaurant
3878,BookRestaurant
3879,PlayMusic
3880,GetWeather
3881,SearchCreativeWork
3882,PlayMusic
3883,GetWeather
3884,PlayMusic
3885,SearchCreativeWork
3886,RateBook
3887,PlayMusic
3888,RateBook
3889,GetWeather
3890,PlayMusic
3891,GetWeather
3892,AddToPlaylist
3893,GetWeather
3894,GetWeather
3895,PlayMusic
3896,PlayMusic
3897,RateBook
3898,GetWeather
3899,GetWeather
3900,GetWeather
3901,RateBook
3902,GetWeather
3903,GetWeather
3904,GetWeather
3905,GetWeather
3906,AddToPlaylist
3907,GetWeather
3908,GetWeather
3909,SearchCreativeWork
3910,PlayMusic
3911,GetWeather
3912,GetWeather
3913,GetWeather
3914,PlayMusic
3915,GetWeather
3916,AddToPlaylist
3917,GetWeather
3918,GetWeather
3919,PlayMusic
3920,BookRestaurant
3921,PlayMusic
3922,PlayMusic
3923,RateBook
3924,SearchScreeningEvent
3925,AddToPlaylist
3926,PlayMusic
3927,SearchCreativeWork
3928,SearchScreeningEvent
3929,PlayMusic
3930,RateBook
3931,SearchScreeningEvent
3932,PlayMusic
3933,PlayMusic
3934,GetWeather
3935,RateBook
3936,PlayMusic
3937,SearchScreeningEvent
3938,SearchCreativeWork
3939,AddToPlaylist
3940,PlayMusic
3941,GetWeather
3942,GetWeather
3943,PlayMusic
3944,BookRestaurant
3945,PlayMusic
3946,GetWeather
3947,GetWeather
3948,PlayMusic
3949,GetWeather
3950,GetWeather
3951,GetWeather
3952,SearchScreeningEvent
3953,RateBook
3954,GetWeather
3955,GetWeather
3956,PlayMusic
3957,PlayMusic
3958,SearchScreeningEvent
3959,SearchScreeningEvent
3960,GetWeather
3961,PlayMusic
3962,AddToPlaylist
3963,GetWeather
3964,AddToPlaylist
3965,PlayMusic
3966,SearchScreeningEvent
3967,RateBook
3968,GetWeather
3969,GetWeather
3970,GetWeather
3971,PlayMusic
3972,GetWeather
3973,SearchCreativeWork
3974,BookRestaurant
3975,SearchCreativeWork
3976,PlayMusic
3977,GetWeather
3978,SearchCreativeWork
3979,PlayMusic
3980,SearchCreativeWork
3981,AddToPlaylist
3982,SearchScreeningEvent
3983,GetWeather
3984,GetWeather
3985,PlayMusic
3986,PlayMusic
3987,RateBook
3988,SearchScreeningEvent
3989,PlayMusic
3990,PlayMusic
3991,SearchScreeningEvent
3992,GetWeather
3993,PlayMusic
3994,PlayMusic
3995,GetWeather
3996,SearchCreativeWork
3997,GetWeather
3998,BookRestaurant
3999,RateBook
4000,BookRestaurant
4001,SearchScreeningEvent
4002,GetWeather
4003,SearchCreativeWork
4004,PlayMusic
4005,AddToPlaylist
4006,GetWeather
4007,SearchCreativeWork
4008,PlayMusic
4009,SearchScreeningEvent
4010,SearchScreeningEvent
4011,GetWeather
4012,SearchCreativeWork
4013,GetWeather
4014,BookRestaurant
4015,GetWeather
4016,GetWeather
4017,GetWeather
4018,PlayMusic
4019,GetWeather
4020,RateBook
4021,GetWeather
4022,GetWeather
4023,SearchScreeningEvent
4024,GetWeather
4025,PlayMusic
4026,GetWeather
4027,SearchCreativeWork
4028,GetWeather
4029,GetWeather
4030,BookRestaurant
4031,PlayMusic
4032,SearchCreativeWork
4033,BookRestaurant
4034,GetWeather
4035,SearchScreeningEvent
4036,SearchScreeningEvent
4037,PlayMusic
4038,GetWeather
4039,PlayMusic
4040,AddToPlaylist
4041,RateBook
4042,GetWeather
4043,PlayMusic
4044,SearchScreeningEvent
4045,PlayMusic
4046,GetWeather
4047,PlayMusic
4048,SearchCreativeWork
4049,GetWeather
4050,RateBook
4051,RateBook
4052,AddToPlaylist
4053,SearchCreativeWork
4054,PlayMusic
4055,PlayMusic
4056,GetWeather
4057,PlayMusic
4058,SearchCreativeWork
4059,GetWeather
4060,PlayMusic
4061,GetWeather
4062,GetWeather
4063,RateBook
4064,RateBook
4065,RateBook
4066,PlayMusic
4067,AddToPlaylist
4068,AddToPlaylist
4069,RateBook
4070,PlayMusic
4071,PlayMusic
4072,SearchScreeningEvent
4073,GetWeather
4074,PlayMusic
4075,RateBook
4076,BookRestaurant
4077,PlayMusic
4078,GetWeather
4079,GetWeather
4080,PlayMusic
4081,GetWeather
4082,SearchScreeningEvent
4083,BookRestaurant
4084,GetWeather
4085,SearchCreativeWork
4086,GetWeather
4087,SearchCreativeWork
4088,PlayMusic
4089,PlayMusic
4090,AddToPlaylist
4091,GetWeather
4092,GetWeather
4093,PlayMusic
4094,RateBook
4095,RateBook
4096,PlayMusic
4097,PlayMusic
4098,GetWeather
4099,PlayMusic
4100,RateBook
4101,PlayMusic
4102,BookRestaurant
4103,GetWeather
4104,PlayMusic
4105,AddToPlaylist
4106,PlayMusic
4107,RateBook
4108,SearchScreeningEvent
4109,AddToPlaylist
4110,GetWeather
4111,SearchScreeningEvent
4112,GetWeather
4113,AddToPlaylist
4114,BookRestaurant
4115,SearchScreeningEvent
4116,GetWeather
4117,PlayMusic
4118,PlayMusic
4119,SearchCreativeWork
4120,SearchScreeningEvent
4121,PlayMusic
4122,RateBook
4123,SearchCreativeWork
4124,PlayMusic
4125,RateBook
4126,RateBook
4127,PlayMusic
4128,PlayMusic
4129,GetWeather
4130,SearchScreeningEvent
4131,PlayMusic
4132,GetWeather
4133,PlayMusic
4134,RateBook
4135,RateBook
4136,BookRestaurant
4137,SearchScreeningEvent
4138,GetWeather
4139,GetWeather
4140,GetWeather
4141,BookRestaurant
4142,PlayMusic
4143,GetWeather
4144,GetWeather
4145,RateBook
4146,GetWeather
4147,RateBook
4148,SearchScreeningEvent
4149,PlayMusic
4150,GetWeather
4151,SearchScreeningEvent
4152,PlayMusic
4153,BookRestaurant
4154,GetWeather
4155,GetWeather
4156,RateBook
4157,GetWeather
4158,SearchScreeningEvent
4159,SearchScreeningEvent
4160,SearchCreativeWork
4161,RateBook
4162,GetWeather
4163,RateBook
4164,PlayMusic
4165,RateBook
4166,PlayMusic
4167,SearchCreativeWork
4168,PlayMusic
4169,PlayMusic
4170,GetWeather
4171,RateBook
4172,GetWeather
4173,PlayMusic
4174,GetWeather
4175,AddToPlaylist
4176,GetWeather
4177,AddToPlaylist
4178,SearchCreativeWork
4179,SearchCreativeWork
4180,PlayMusic
4181,RateBook
4182,PlayMusic
4183,BookRestaurant
4184,AddToPlaylist
4185,GetWeather
4186,GetWeather
4187,PlayMusic
4188,SearchScreeningEvent
4189,GetWeather
4190,SearchCreativeWork
4191,PlayMusic
4192,BookRestaurant
4193,SearchScreeningEvent
4194,PlayMusic
4195,PlayMusic
4196,PlayMusic
4197,GetWeather
4198,SearchScreeningEvent
4199,GetWeather
4200,BookRestaurant
4201,RateBook
4202,AddToPlaylist
4203,PlayMusic
4204,SearchScreeningEvent
4205,AddToPlaylist
4206,RateBook
4207,PlayMusic
4208,PlayMusic
4209,SearchCreativeWork
4210,SearchScreeningEvent
4211,SearchScreeningEvent
4212,PlayMusic
4213,SearchScreeningEvent
4214,BookRestaurant
4215,SearchScreeningEvent
4216,RateBook
4217,PlayMusic
4218,SearchCreativeWork
4219,SearchScreeningEvent
4220,PlayMusic
4221,GetWeather
4222,GetWeather
4223,BookRestaurant
4224,SearchScreeningEvent
4225,PlayMusic
4226,PlayMusic
4227,RateBook
4228,GetWeather
4229,GetWeather
4230,GetWeather
4231,SearchScreeningEvent
4232,GetWeather
4233,BookRestaurant
4234,GetWeather
4235,SearchScreeningEvent
4236,GetWeather
4237,PlayMusic
4238,SearchCreativeWork
4239,SearchCreativeWork
4240,GetWeather
4241,GetWeather
4242,PlayMusic
4243,PlayMusic
4244,GetWeather
4245,RateBook
4246,GetWeather
4247,GetWeather
4248,GetWeather
4249,BookRestaurant
4250,PlayMusic
4251,GetWeather
4252,PlayMusic
4253,SearchScreeningEvent
4254,BookRestaurant
4255,GetWeather
4256,RateBook
4257,GetWeather
4258,GetWeather
4259,GetWeather
4260,PlayMusic
4261,GetWeather
4262,GetWeather
4263,GetWeather
4264,SearchCreativeWork
4265,GetWeather
4266,PlayMusic
4267,GetWeather
4268,GetWeather
4269,GetWeather
4270,PlayMusic
4271,GetWeather
4272,GetWeather
4273,PlayMusic
4274,GetWeather
4275,GetWeather
4276,RateBook
4277,PlayMusic
4278,SearchScreeningEvent
4279,PlayMusic
4280,SearchScreeningEvent
4281,PlayMusic
4282,GetWeather
4283,GetWeather
4284,GetWeather
4285,PlayMusic
4286,GetWeather
4287,GetWeather
4288,GetWeather
4289,RateBook
4290,GetWeather
4291,GetWeather
4292,PlayMusic
4293,GetWeather
4294,GetWeather
4295,BookRestaurant
4296,GetWeather
4297,GetWeather
4298,BookRestaurant
4299,GetWeather
4300,RateBook
4301,GetWeather
4302,AddToPlaylist
4303,GetWeather
4304,GetWeather
4305,SearchScreeningEvent
4306,GetWeather
4307,SearchCreativeWork
4308,PlayMusic
4309,PlayMusic
4310,SearchScreeningEvent
4311,GetWeather
4312,RateBook
4313,GetWeather
4314,GetWeather
4315,GetWeather
4316,GetWeather
4317,GetWeather
4318,GetWeather
4319,GetWeather
4320,PlayMusic
4321,GetWeather
4322,SearchCreativeWork
4323,RateBook
4324,SearchScreeningEvent
4325,BookRestaurant
4326,PlayMusic
4327,RateBook
4328,GetWeather
4329,GetWeather
4330,PlayMusic
4331,SearchScreeningEvent
4332,GetWeather
4333,GetWeather
4334,RateBook
4335,RateBook
4336,GetWeather
4337,SearchScreeningEvent
4338,PlayMusic
4339,PlayMusic
4340,GetWeather
4341,BookRestaurant
4342,SearchScreeningEvent
4343,SearchScreeningEvent
4344,GetWeather
4345,GetWeather
4346,SearchCreativeWork
4347,GetWeather
4348,SearchCreativeWork
4349,PlayMusic
4350,GetWeather
4351,PlayMusic
4352,PlayMusic
4353,GetWeather
4354,PlayMusic
4355,BookRestaurant
4356,PlayMusic
4357,GetWeather
4358,AddToPlaylist
4359,PlayMusic
4360,PlayMusic
4361,AddToPlaylist
4362,PlayMusic
4363,PlayMusic
4364,GetWeather
4365,GetWeather
4366,PlayMusic
4367,GetWeather
4368,GetWeather
4369,PlayMusic
4370,SearchScreeningEvent
4371,SearchScreeningEvent
4372,SearchScreeningEvent
4373,GetWeather
4374,PlayMusic
4375,GetWeather
4376,GetWeather
4377,SearchScreeningEvent
4378,PlayMusic
4379,PlayMusic
4380,PlayMusic
4381,PlayMusic
4382,RateBook
4383,GetWeather
4384,GetWeather
4385,SearchScreeningEvent
4386,AddToPlaylist
4387,PlayMusic
4388,GetWeather
4389,AddToPlaylist
4390,PlayMusic
4391,GetWeather
4392,GetWeather
4393,RateBook
4394,PlayMusic
4395,GetWeather
4396,SearchScreeningEvent
4397,PlayMusic
4398,GetWeather
4399,PlayMusic
4400,SearchScreeningEvent
4401,PlayMusic
4402,SearchScreeningEvent
4403,PlayMusic
4404,GetWeather
4405,SearchScreeningEvent
4406,GetWeather
4407,SearchCreativeWork
4408,SearchScreeningEvent
4409,GetWeather
4410,SearchCreativeWork
4411,PlayMusic
4412,RateBook
4413,PlayMusic
4414,GetWeather
4415,GetWeather
4416,GetWeather
4417,AddToPlaylist
4418,GetWeather
4419,GetWeather
4420,GetWeather
4421,RateBook
4422,RateBook
4423,PlayMusic
4424,RateBook
4425,PlayMusic
4426,SearchCreativeWork
4427,PlayMusic
4428,PlayMusic
4429,SearchScreeningEvent
4430,GetWeather
4431,AddToPlaylist
4432,GetWeather
4433,RateBook
4434,SearchScreeningEvent
4435,GetWeather
4436,PlayMusic
4437,GetWeather
4438,SearchScreeningEvent
4439,PlayMusic
4440,RateBook
4441,SearchCreativeWork
4442,GetWeather
4443,RateBook
4444,SearchScreeningEvent
4445,GetWeather
4446,SearchScreeningEvent
4447,PlayMusic
4448,RateBook
4449,GetWeather
4450,SearchCreativeWork
4451,GetWeather
4452,SearchScreeningEvent
4453,PlayMusic
4454,SearchScreeningEvent
4455,GetWeather
4456,PlayMusic
4457,PlayMusic
4458,PlayMusic
4459,GetWeather
4460,GetWeather
4461,GetWeather
4462,GetWeather
4463,PlayMusic
4464,GetWeather
4465,GetWeather
4466,BookRestaurant
4467,PlayMusic
4468,GetWeather
4469,RateBook
4470,BookRestaurant
4471,RateBook
4472,RateBook
4473,PlayMusic
4474,PlayMusic
4475,GetWeather
4476,GetWeather
4477,AddToPlaylist
4478,RateBook
4479,GetWeather
4480,BookRestaurant
4481,RateBook
4482,PlayMusic
4483,PlayMusic
4484,GetWeather
4485,GetWeather
4486,RateBook
4487,PlayMusic
4488,BookRestaurant
4489,PlayMusic
4490,GetWeather
4491,GetWeather
4492,SearchScreeningEvent
4493,BookRestaurant
4494,SearchCreativeWork
4495,PlayMusic
4496,GetWeather
4497,SearchScreeningEvent
4498,PlayMusic
4499,PlayMusic
4500,PlayMusic
4501,RateBook
4502,PlayMusic
4503,RateBook
4504,AddToPlaylist
4505,GetWeather
4506,RateBook
4507,GetWeather
4508,PlayMusic
4509,GetWeather
4510,PlayMusic
4511,PlayMusic
4512,GetWeather
4513,SearchScreeningEvent
4514,RateBook
4515,AddToPlaylist
4516,GetWeather
4517,RateBook
4518,RateBook
4519,BookRestaurant
4520,SearchCreativeWork
4521,GetWeather
4522,GetWeather
4523,GetWeather
4524,GetWeather
4525,RateBook
4526,RateBook
4527,BookRestaurant
4528,GetWeather
4529,GetWeather
4530,GetWeather
4531,SearchCreativeWork
4532,GetWeather
4533,RateBook
4534,PlayMusic
4535,SearchScreeningEvent
4536,PlayMusic
4537,SearchScreeningEvent
4538,PlayMusic
4539,PlayMusic
4540,GetWeather
4541,RateBook
4542,PlayMusic
4543,GetWeather
4544,GetWeather
4545,BookRestaurant
4546,PlayMusic
4547,GetWeather
4548,PlayMusic
4549,GetWeather
4550,SearchCreativeWork
4551,BookRestaurant
4552,GetWeather
4553,GetWeather
4554,RateBook
4555,PlayMusic
4556,RateBook
4557,GetWeather
4558,RateBook
4559,GetWeather
4560,GetWeather
4561,SearchScreeningEvent
4562,GetWeather
4563,SearchCreativeWork
4564,GetWeather
4565,GetWeather
4566,PlayMusic
4567,RateBook
4568,SearchScreeningEvent
4569,RateBook
4570,PlayMusic
4571,SearchScreeningEvent
4572,RateBook
4573,GetWeather
4574,SearchScreeningEvent
4575,GetWeather
4576,GetWeather
4577,PlayMusic
4578,PlayMusic
4579,RateBook
4580,RateBook
4581,GetWeather
4582,RateBook
4583,GetWeather
4584,AddToPlaylist
4585,GetWeather
4586,GetWeather
4587,GetWeather
4588,SearchScreeningEvent
4589,SearchScreeningEvent
4590,SearchScreeningEvent
4591,SearchCreativeWork
4592,BookRestaurant
4593,GetWeather
4594,GetWeather
4595,RateBook
4596,RateBook
4597,PlayMusic
4598,SearchCreativeWork
4599,BookRestaurant
4600,PlayMusic
4601,GetWeather
4602,PlayMusic
4603,PlayMusic
4604,PlayMusic
4605,SearchScreeningEvent
4606,SearchScreeningEvent
4607,AddToPlaylist
4608,SearchCreativeWork
4609,GetWeather
4610,GetWeather
4611,RateBook
4612,SearchScreeningEvent
4613,RateBook
4614,GetWeather
4615,RateBook
4616,BookRestaurant
4617,RateBook
4618,RateBook
4619,BookRestaurant
4620,PlayMusic
4621,PlayMusic
4622,SearchScreeningEvent
4623,RateBook
4624,SearchScreeningEvent
4625,GetWeather
4626,AddToPlaylist
4627,BookRestaurant
4628,PlayMusic
4629,GetWeather
4630,RateBook
4631,PlayMusic
4632,SearchScreeningEvent
4633,PlayMusic
4634,RateBook
4635,PlayMusic
4636,RateBook
4637,PlayMusic
4638,GetWeather
4639,AddToPlaylist
4640,GetWeather
4641,BookRestaurant
4642,AddToPlaylist
4643,GetWeather
4644,GetWeather
4645,SearchScreeningEvent
4646,PlayMusic
4647,PlayMusic
4648,PlayMusic
4649,BookRestaurant
4650,SearchScreeningEvent
4651,SearchScreeningEvent
4652,GetWeather
4653,SearchScreeningEvent
4654,RateBook
4655,RateBook
4656,BookRestaurant
4657,PlayMusic
4658,BookRestaurant
4659,GetWeather
4660,GetWeather
4661,GetWeather
4662,PlayMusic
4663,PlayMusic
4664,SearchCreativeWork
4665,SearchCreativeWork
4666,GetWeather
4667,PlayMusic
4668,GetWeather
4669,PlayMusic
4670,SearchScreeningEvent
4671,PlayMusic
4672,GetWeather
4673,RateBook
4674,RateBook
4675,GetWeather
4676,PlayMusic
4677,PlayMusic
4678,PlayMusic
4679,GetWeather
4680,GetWeather
4681,PlayMusic
4682,GetWeather
4683,GetWeather
4684,SearchScreeningEvent
4685,GetWeather
4686,GetWeather
4687,BookRestaurant
4688,PlayMusic
4689,GetWeather
4690,PlayMusic
4691,AddToPlaylist
4692,GetWeather
4693,GetWeather
4694,GetWeather
4695,RateBook
4696,GetWeather
4697,PlayMusic
4698,PlayMusic
4699,PlayMusic
4700,BookRestaurant
4701,GetWeather
4702,RateBook
4703,SearchCreativeWork
4704,PlayMusic
4705,SearchScreeningEvent
4706,RateBook
4707,GetWeather
4708,SearchScreeningEvent
4709,PlayMusic
4710,PlayMusic
4711,GetWeather
4712,SearchCreativeWork
4713,BookRestaurant
4714,SearchScreeningEvent
4715,GetWeather
4716,RateBook
4717,GetWeather
4718,GetWeather
4719,PlayMusic
4720,GetWeather
4721,RateBook
4722,RateBook
4723,PlayMusic
4724,PlayMusic
4725,GetWeather
4726,GetWeather
4727,GetWeather
4728,PlayMusic
4729,SearchScreeningEvent
4730,PlayMusic
4731,PlayMusic
4732,GetWeather
4733,RateBook
4734,RateBook
4735,SearchScreeningEvent
4736,SearchScreeningEvent
4737,PlayMusic
4738,RateBook
4739,SearchCreativeWork
4740,SearchCreativeWork
4741,GetWeather
4742,RateBook
4743,GetWeather
4744,SearchScreeningEvent
4745,PlayMusic
4746,GetWeather
4747,RateBook
4748,GetWeather
4749,SearchCreativeWork
4750,AddToPlaylist
4751,GetWeather
4752,RateBook
4753,SearchCreativeWork
4754,GetWeather
4755,GetWeather
4756,RateBook
4757,PlayMusic
4758,GetWeather
4759,RateBook
4760,GetWeather
4761,PlayMusic
4762,BookRestaurant
4763,SearchScreeningEvent
4764,GetWeather
4765,SearchCreativeWork
4766,GetWeather
4767,GetWeather
4768,BookRestaurant
4769,PlayMusic
4770,GetWeather
4771,PlayMusic
4772,GetWeather
4773,PlayMusic
4774,SearchScreeningEvent
4775,SearchScreeningEvent
4776,GetWeather
4777,GetWeather
4778,SearchScreeningEvent
4779,PlayMusic
4780,BookRestaurant
4781,PlayMusic
4782,AddToPlaylist
4783,RateBook
4784,PlayMusic
4785,GetWeather
4786,GetWeather
4787,GetWeather
4788,AddToPlaylist
4789,PlayMusic
4790,SearchScreeningEvent
4791,SearchScreeningEvent
4792,PlayMusic
4793,PlayMusic
4794,GetWeather
4795,PlayMusic
4796,PlayMusic
4797,GetWeather
4798,SearchScreeningEvent
4799,GetWeather
4800,GetWeather
4801,GetWeather
4802,PlayMusic
4803,PlayMusic
4804,PlayMusic
4805,GetWeather
4806,PlayMusic
4807,GetWeather
4808,PlayMusic
4809,RateBook
4810,SearchCreativeWork
4811,GetWeather
4812,SearchCreativeWork
4813,PlayMusic
4814,GetWeather
4815,GetWeather
4816,GetWeather
4817,PlayMusic
4818,SearchScreeningEvent
4819,RateBook
4820,PlayMusic
4821,AddToPlaylist
4822,GetWeather
4823,SearchScreeningEvent
4824,SearchScreeningEvent
4825,GetWeather
4826,PlayMusic
4827,RateBook
4828,AddToPlaylist
4829,GetWeather
4830,GetWeather
4831,PlayMusic
4832,SearchScreeningEvent
4833,RateBook
4834,BookRestaurant
4835,GetWeather
4836,GetWeather
4837,AddToPlaylist
4838,SearchScreeningEvent
4839,GetWeather
4840,RateBook
4841,PlayMusic
4842,SearchScreeningEvent
4843,RateBook
4844,GetWeather
4845,AddToPlaylist
4846,SearchScreeningEvent
4847,RateBook
4848,GetWeather
4849,BookRestaurant
4850,SearchCreativeWork
4851,RateBook
4852,GetWeather
4853,GetWeather
4854,SearchCreativeWork
4855,RateBook
4856,GetWeather
4857,GetWeather
4858,PlayMusic
4859,BookRestaurant
4860,SearchScreeningEvent
4861,SearchScreeningEvent
4862,BookRestaurant
4863,RateBook
4864,PlayMusic
4865,PlayMusic
4866,PlayMusic
4867,GetWeather
4868,GetWeather
4869,PlayMusic
4870,SearchScreeningEvent
4871,GetWeather
4872,SearchScreeningEvent
4873,AddToPlaylist
4874,GetWeather
4875,GetWeather
4876,PlayMusic
4877,GetWeather
4878,GetWeather
4879,BookRestaurant
4880,SearchScreeningEvent
4881,BookRestaurant
4882,SearchCreativeWork
4883,BookRestaurant
4884,PlayMusic
4885,GetWeather
4886,PlayMusic
4887,BookRestaurant
4888,AddToPlaylist
4889,GetWeather
4890,SearchScreeningEvent
4891,PlayMusic
4892,GetWeather
4893,BookRestaurant
4894,RateBook
4895,SearchScreeningEvent
4896,PlayMusic
4897,PlayMusic
4898,GetWeather
4899,GetWeather
4900,PlayMusic
4901,GetWeather
4902,PlayMusic
4903,RateBook
4904,PlayMusic
4905,PlayMusic
4906,GetWeather
4907,RateBook
4908,SearchScreeningEvent
4909,SearchScreeningEvent
4910,RateBook
4911,BookRestaurant
4912,PlayMusic
4913,PlayMusic
4914,SearchCreativeWork
4915,RateBook
4916,RateBook
4917,PlayMusic
4918,AddToPlaylist
4919,GetWeather
4920,SearchScreeningEvent
4921,AddToPlaylist
4922,AddToPlaylist
4923,GetWeather
4924,GetWeather
4925,PlayMusic
4926,GetWeather
4927,PlayMusic
4928,PlayMusic
4929,RateBook
4930,GetWeather
4931,GetWeather
4932,GetWeather
4933,SearchScreeningEvent
4934,GetWeather
4935,GetWeather
4936,SearchScreeningEvent
4937,GetWeather
4938,GetWeather
4939,PlayMusic
4940,RateBook
4941,SearchCreativeWork
4942,PlayMusic
4943,AddToPlaylist
4944,GetWeather
4945,GetWeather
4946,RateBook
4947,SearchCreativeWork
4948,SearchScreeningEvent
4949,SearchCreativeWork
4950,GetWeather
4951,AddToPlaylist
4952,AddToPlaylist
4953,PlayMusic
4954,BookRestaurant
4955,GetWeather
4956,GetWeather
4957,PlayMusic
4958,RateBook
4959,PlayMusic
4960,RateBook
4961,PlayMusic
4962,AddToPlaylist
4963,PlayMusic
4964,GetWeather
4965,PlayMusic
4966,GetWeather
4967,SearchScreeningEvent
4968,RateBook
4969,PlayMusic
4970,RateBook
4971,GetWeather
4972,SearchScreeningEvent
4973,PlayMusic
4974,PlayMusic
4975,RateBook
4976,GetWeather
4977,GetWeather
4978,GetWeather
4979,SearchScreeningEvent
4980,GetWeather
4981,PlayMusic
4982,GetWeather
4983,GetWeather
4984,GetWeather
4985,BookRestaurant
4986,PlayMusic
4987,RateBook
4988,PlayMusic
4989,PlayMusic
4990,BookRestaurant
4991,GetWeather
4992,GetWeather
4993,PlayMusic
4994,GetWeather
4995,PlayMusic
4996,GetWeather
4997,GetWeather
4998,RateBook
4999,PlayMusic
5000,PlayMusic
5001,GetWeather
5002,GetWeather
5003,SearchCreativeWork
5004,PlayMusic
5005,PlayMusic
5006,GetWeather
5007,GetWeather
5008,PlayMusic
5009,PlayMusic
5010,AddToPlaylist
5011,GetWeather
5012,SearchScreeningEvent
5013,GetWeather
5014,SearchCreativeWork
5015,RateBook
5016,SearchCreativeWork
5017,GetWeather
5018,GetWeather
5019,PlayMusic
5020,AddToPlaylist
5021,BookRestaurant
5022,PlayMusic
5023,GetWeather
5024,GetWeather
5025,BookRestaurant
5026,GetWeather
5027,GetWeather
5028,PlayMusic
5029,GetWeather
5030,GetWeather
5031,AddToPlaylist
5032,BookRestaurant
5033,GetWeather
5034,PlayMusic
5035,PlayMusic
5036,GetWeather
5037,PlayMusic
5038,GetWeather
5039,PlayMusic
5040,SearchScreeningEvent
5041,AddToPlaylist
5042,PlayMusic
5043,GetWeather
5044,SearchScreeningEvent
5045,GetWeather
5046,PlayMusic
5047,GetWeather
5048,PlayMusic
5049,GetWeather
5050,GetWeather
5051,SearchCreativeWork
5052,PlayMusic
5053,SearchScreeningEvent
5054,GetWeather
5055,GetWeather
5056,GetWeather
5057,GetWeather
5058,SearchScreeningEvent
5059,SearchScreeningEvent
5060,GetWeather
5061,SearchScreeningEvent
5062,PlayMusic
5063,PlayMusic
5064,RateBook
5065,GetWeather
5066,PlayMusic
5067,GetWeather
5068,RateBook
5069,PlayMusic
5070,PlayMusic
5071,PlayMusic
5072,GetWeather
5073,PlayMusic
5074,BookRestaurant
5075,GetWeather
5076,GetWeather
5077,GetWeather
5078,PlayMusic
5079,AddToPlaylist
5080,PlayMusic
5081,PlayMusic
5082,GetWeather
5083,BookRestaurant
5084,GetWeather
5085,RateBook
5086,GetWeather
5087,GetWeather
5088,SearchCreativeWork
5089,SearchScreeningEvent
5090,AddToPlaylist
5091,RateBook
5092,RateBook
5093,PlayMusic
5094,GetWeather
5095,SearchCreativeWork
5096,GetWeather
5097,PlayMusic
5098,GetWeather
5099,GetWeather
5100,SearchCreativeWork
5101,AddToPlaylist
5102,GetWeather
5103,GetWeather
5104,PlayMusic
5105,GetWeather
5106,SearchScreeningEvent
5107,BookRestaurant
5108,GetWeather
5109,BookRestaurant
5110,RateBook
5111,SearchScreeningEvent
5112,GetWeather
5113,GetWeather
5114,GetWeather
5115,RateBook
5116,PlayMusic
5117,PlayMusic
5118,SearchScreeningEvent
5119,SearchCreativeWork
5120,PlayMusic
5121,AddToPlaylist
5122,GetWeather
5123,RateBook
5124,PlayMusic
5125,BookRestaurant
5126,RateBook
5127,PlayMusic
5128,PlayMusic
5129,PlayMusic
5130,BookRestaurant
5131,GetWeather
5132,GetWeather
5133,PlayMusic
5134,GetWeather
5135,BookRestaurant
5136,PlayMusic
5137,PlayMusic
5138,RateBook
5139,GetWeather
5140,GetWeather
5141,PlayMusic
5142,SearchScreeningEvent
5143,BookRestaurant
5144,PlayMusic
5145,GetWeather
5146,PlayMusic
5147,GetWeather
5148,GetWeather
5149,PlayMusic
5150,RateBook
5151,PlayMusic
5152,GetWeather
5153,GetWeather
5154,SearchScreeningEvent
5155,PlayMusic
5156,RateBook
5157,GetWeather
5158,GetWeather
5159,AddToPlaylist
5160,PlayMusic
5161,PlayMusic
5162,GetWeather
5163,RateBook
5164,RateBook
5165,GetWeather
5166,PlayMusic
5167,PlayMusic
5168,PlayMusic
5169,SearchCreativeWork
5170,GetWeather
5171,GetWeather
5172,SearchCreativeWork
5173,AddToPlaylist
5174,RateBook
5175,PlayMusic
5176,GetWeather
5177,GetWeather
5178,PlayMusic
5179,PlayMusic
5180,BookRestaurant
5181,GetWeather
5182,PlayMusic
5183,RateBook
5184,GetWeather
5185,SearchScreeningEvent
5186,AddToPlaylist
5187,AddToPlaylist
5188,RateBook
5189,GetWeather
5190,PlayMusic
5191,RateBook
5192,AddToPlaylist
5193,PlayMusic
5194,GetWeather
5195,GetWeather
5196,RateBook
5197,PlayMusic
5198,GetWeather
5199,GetWeather
5200,RateBook
5201,PlayMusic
5202,RateBook
5203,PlayMusic
5204,PlayMusic
5205,SearchCreativeWork
5206,GetWeather
5207,GetWeather
5208,GetWeather
5209,BookRestaurant
5210,GetWeather
5211,PlayMusic
5212,PlayMusic
5213,GetWeather
5214,SearchCreativeWork
5215,AddToPlaylist
5216,SearchCreativeWork
5217,PlayMusic
5218,SearchScreeningEvent
5219,RateBook
5220,PlayMusic
5221,SearchCreativeWork
5222,GetWeather
5223,GetWeather
5224,SearchScreeningEvent
5225,SearchCreativeWork
5226,GetWeather
5227,GetWeather
5228,GetWeather
5229,SearchCreativeWork
5230,GetWeather
5231,GetWeather
5232,GetWeather
5233,GetWeather
